name,category,image_urls
a black and white photo of the ceiling of a building,Black & White,https://images.unsplash.com/photo-1712825565895-59ec3fb19fe7?q=80&w=1000&auto=format&fit=crop&ixlib=rb-4.0.3&ixid=M3wxMjA3fDB8MHxwaG90by1wYWdlfHx8fGVufDB8fHx8fA%3D%3D
a woman laying on top of a rock near the ocean,"Editorial,Fashion & Beauty",https://images.unsplash.com/photo-1712884517129-103f91c9e59c?q=80&w=1000&auto=format&fit=crop&ixlib=rb-4.0.3&ixid=M3wxMjA3fDB8MHxwaG90by1wYWdlfHx8fGVufDB8fHx8fA%3D%3D
a person standing on a bench holding a bag,"Editorial,Street Photography,Fashion & Beauty",https://images.unsplash.com/photo-1711880993227-4a1e690f21cf?q=80&w=1000&auto=format&fit=crop&ixlib=rb-4.0.3&ixid=M3wxMjA3fDB8MHxwaG90by1wYWdlfHx8fGVufDB8fHx8fA%3D%3D
a group of donuts and a carton of milk,Fashion & Beauty,https://images.unsplash.com/photo-1648729824295-22bb6901cdc9?q=80&w=1000&auto=format&fit=crop&ixlib=rb-4.0.3&ixid=M3wxMjA3fDB8MHxwaG90by1wYWdlfHx8fGVufDB8fHx8fA%3D%3D
a woman in a skirt with a belt around her waist,"Editorial,Fashion & Beauty",https://images.unsplash.com/photo-1712876718948-e95fd738aeb6?q=80&w=1000&auto=format&fit=crop&ixlib=rb-4.0.3&ixid=M3wxMjA3fDB8MHxwaG90by1wYWdlfHx8fGVufDB8fHx8fA%3D%3D
a delivery truck parked in front of a building,Street Photography,https://images.unsplash.com/photo-1710127789876-aa749e53ccdb?q=80&w=1000&auto=format&fit=crop&ixlib=rb-4.0.3&ixid=M3wxMjA3fDB8MHxwaG90by1wYWdlfHx8fGVufDB8fHx8fA%3D%3D
a city street filled with traffic next to tall buildings,Street Photography,https://images.unsplash.com/photo-1712876445548-e7ffc70d42a6?q=80&w=1000&auto=format&fit=crop&ixlib=rb-4.0.3&ixid=M3wxMjA3fDB8MHxwaG90by1wYWdlfHx8fGVufDB8fHx8fA%3D%3D
herd of goats on road,Animals,https://images.unsplash.com/photo-1529926600518-3e0580ce9261?q=80&w=1000&auto=format&fit=crop&ixlib=rb-4.0.3&ixid=M3wxMjA3fDB8MHxwaG90by1wYWdlfHx8fGVufDB8fHx8fA%3D%3D
a person with their hand up in the air,"Editorial,Fashion & Beauty",https://images.unsplash.com/photo-1712506758835-fb1244091d3e?q=80&w=1000&auto=format&fit=crop&ixlib=rb-4.0.3&ixid=M3wxMjA3fDB8MHxwaG90by1wYWdlfHx8fGVufDB8fHx8fA%3D%3D
a person wearing a face mask and covering his mouth,Fashion & Beauty,https://images.unsplash.com/photo-1712877209367-49578fa711c9?q=80&w=1000&auto=format&fit=crop&ixlib=rb-4.0.3&ixid=M3wxMjA3fDB8MHxwaG90by1wYWdlfHx8fGVufDB8fHx8fA%3D%3D
a close up of a woman's eye with makeup,"Editorial,Fashion & Beauty",https://images.unsplash.com/photo-1542833807-ad5af0977050?q=80&w=1000&auto=format&fit=crop&ixlib=rb-4.0.3&ixid=M3wxMjA3fDB8MHxwaG90by1wYWdlfHx8fGVufDB8fHx8fA%3D%3D
a couple of people walking down a street next to tall buildings,Street Photography,https://images.unsplash.com/photo-1712828816586-32503ef619f0?q=80&w=1000&auto=format&fit=crop&ixlib=rb-4.0.3&ixid=M3wxMjA3fDB8MHxwaG90by1wYWdlfHx8fGVufDB8fHx8fA%3D%3D
a red double decker bus driving past tall buildings,Street Photography,https://images.unsplash.com/photo-1712872309139-23a0c90277cf?q=80&w=1000&auto=format&fit=crop&ixlib=rb-4.0.3&ixid=M3wxMjA3fDB8MHxwaG90by1wYWdlfHx8fGVufDB8fHx8fA%3D%3D
a person standing on a street holding an umbrella,Street Photography,https://images.unsplash.com/photo-1712781797301-ec9ee12b52b4?q=80&w=1000&auto=format&fit=crop&ixlib=rb-4.0.3&ixid=M3wxMjA3fDB8MHxwaG90by1wYWdlfHx8fGVufDB8fHx8fA%3D%3D
a train traveling down a street next to a tall building,Street Photography,https://images.unsplash.com/photo-1710101749861-aef7c032d24d?q=80&w=1000&auto=format&fit=crop&ixlib=rb-4.0.3&ixid=M3wxMjA3fDB8MHxwaG90by1wYWdlfHx8fGVufDB8fHx8fA%3D%3D
a group of people walking across a street,"Editorial,Street Photography",https://images.unsplash.com/photo-1712828502165-4079856c479c?q=80&w=1000&auto=format&fit=crop&ixlib=rb-4.0.3&ixid=M3wxMjA3fDB8MHxwaG90by1wYWdlfHx8fGVufDB8fHx8fA%3D%3D
a group of people sitting outside of a building,Street Photography,https://images.unsplash.com/photo-1712752942955-3fd98f35e831?q=80&w=1000&auto=format&fit=crop&ixlib=rb-4.0.3&ixid=M3wxMjA3fDB8MHxwaG90by1wYWdlfHx8fGVufDB8fHx8fA%3D%3D
a building with a bunch of plants in front of it,Street Photography,https://images.unsplash.com/photo-1712685828441-fd3abe5498ea?q=80&w=1000&auto=format&fit=crop&ixlib=rb-4.0.3&ixid=M3wxMjA3fDB8MHxwaG90by1wYWdlfHx8fGVufDB8fHx8fA%3D%3D
a yellow van parked in front of a chinese restaurant,Street Photography,https://images.unsplash.com/photo-1710242495615-174cdad81a2d?q=80&w=1000&auto=format&fit=crop&ixlib=rb-4.0.3&ixid=M3wxMjA3fDB8MHxwaG90by1wYWdlfHx8fGVufDB8fHx8fA%3D%3D
an open sign sitting outside of a brick building,Street Photography,https://images.unsplash.com/photo-1712752876385-6297d0d9b11c?q=80&w=1000&auto=format&fit=crop&ixlib=rb-4.0.3&ixid=M3wxMjA3fDB8MHxwaG90by1wYWdlfHx8fGVufDB8fHx8fA%3D%3D
a green motorcycle parked in front of a building,Street Photography,https://images.unsplash.com/photo-1712831713734-3b59e09516b5?q=80&w=1000&auto=format&fit=crop&ixlib=rb-4.0.3&ixid=M3wxMjA3fDB8MHxwaG90by1wYWdlfHx8fGVufDB8fHx8fA%3D%3D
a black and white photo of a person looking out over a city,Street Photography,https://images.unsplash.com/photo-1712870324001-9567855bc7f1?q=80&w=1000&auto=format&fit=crop&ixlib=rb-4.0.3&ixid=M3wxMjA3fDB8MHxwaG90by1wYWdlfHx8fGVufDB8fHx8fA%3D%3D
a tree with white flowers in front of a store,"Street Photography,Travel",https://images.unsplash.com/photo-1712831713680-64c21f78fb35?q=80&w=1000&auto=format&fit=crop&ixlib=rb-4.0.3&ixid=M3wxMjA3fDB8MHxwaG90by1wYWdlfHx8fGVufDB8fHx8fA%3D%3D
a brick building with a door and a broom,Street Photography,https://images.unsplash.com/photo-1712752876291-1392f6ced73e?q=80&w=1000&auto=format&fit=crop&ixlib=rb-4.0.3&ixid=M3wxMjA3fDB8MHxwaG90by1wYWdlfHx8fGVufDB8fHx8fA%3D%3D
a white car parked in front of a tall building,"Film,Street Photography",https://images.unsplash.com/photo-1712835541188-4cf457bc8bbb?q=80&w=1000&auto=format&fit=crop&ixlib=rb-4.0.3&ixid=M3wxMjA3fDB8MHxwaG90by1wYWdlfHx8fGVufDB8fHx8fA%3D%3D
a group of people walking across a wet sidewalk,Street Photography,https://images.unsplash.com/photo-1712953242046-4e9044d0e0ba?q=80&w=1000&auto=format&fit=crop&ixlib=rb-4.0.3&ixid=M3wxMjA3fDB8MHxwaG90by1wYWdlfHx8fGVufDB8fHx8fA%3D%3D
a city street with cars parked on both sides of the street,"Editorial,Street Photography",https://images.unsplash.com/photo-1712913909231-5719dd9b60c9?q=80&w=1000&auto=format&fit=crop&ixlib=rb-4.0.3&ixid=M3wxMjA3fDB8MHxwaG90by1wYWdlfHx8fGVufDB8fHx8fA%3D%3D
a hotel sign hanging off the side of a building,Film,https://images.unsplash.com/photo-1712771410191-9bcaa1daf4b3?q=80&w=1000&auto=format&fit=crop&ixlib=rb-4.0.3&ixid=M3wxMjA3fDB8MHxwaG90by1wYWdlfHx8fGVufDB8fHx8fA%3D%3D
a car parked on the side of a street next to a tree,Street Photography,https://images.unsplash.com/photo-1712978354896-3e1e4600d276?q=80&w=1000&auto=format&fit=crop&ixlib=rb-4.0.3&ixid=M3wxMjA3fDB8MHxwaG90by1wYWdlfHx8fGVufDB8fHx8fA%3D%3D
a group of people walking down a street,Film,https://images.unsplash.com/photo-1712634047262-07183422037e?q=80&w=1000&auto=format&fit=crop&ixlib=rb-4.0.3&ixid=M3wxMjA3fDB8MHxwaG90by1wYWdlfHx8fGVufDB8fHx8fA%3D%3D
a woman standing in front of a hollywood sign,Film,https://images.unsplash.com/photo-1712635189930-e5aa1a62b3ca?q=80&w=1000&auto=format&fit=crop&ixlib=rb-4.0.3&ixid=M3wxMjA3fDB8MHxwaG90by1wYWdlfHx8fGVufDB8fHx8fA%3D%3D
a white car parked in front of a tall building,"Film,Street Photography",https://images.unsplash.com/photo-1712835541188-4cf457bc8bbb?q=80&w=1000&auto=format&fit=crop&ixlib=rb-4.0.3&ixid=M3wxMjA3fDB8MHxwaG90by1wYWdlfHx8fGVufDB8fHx8fA%3D%3D
a group of people that are standing in the street,"Black & White,Film",https://images.unsplash.com/photo-1712634120578-16856a4b6f41?q=80&w=1000&auto=format&fit=crop&ixlib=rb-4.0.3&ixid=M3wxMjA3fDB8MHxwaG90by1wYWdlfHx8fGVufDB8fHx8fA%3D%3D
a street filled with lots of traffic next to tall buildings,Film,https://images.unsplash.com/photo-1712634047258-47dd39b7e1ef?q=80&w=1000&auto=format&fit=crop&ixlib=rb-4.0.3&ixid=M3wxMjA3fDB8MHxwaG90by1wYWdlfHx8fGVufDB8fHx8fA%3D%3D
a woman in a blue dress standing next to a little girl,Film,https://images.unsplash.com/photo-1712830459461-307011c0024b?q=80&w=1000&auto=format&fit=crop&ixlib=rb-4.0.3&ixid=M3wxMjA3fDB8MHxwaG90by1wYWdlfHx8fGVufDB8fHx8fA%3D%3D
a man standing in a park with his arms wide open,Film,https://images.unsplash.com/photo-1712802729757-acc14c8d96e0?q=80&w=1000&auto=format&fit=crop&ixlib=rb-4.0.3&ixid=M3wxMjA3fDB8MHxwaG90by1wYWdlfHx8fGVufDB8fHx8fA%3D%3D
a cactus and a cacti in a garden,"Film,Nature",https://images.unsplash.com/photo-1712810697986-c5cddb3fc365?q=80&w=1000&auto=format&fit=crop&ixlib=rb-4.0.3&ixid=M3wxMjA3fDB8MHxwaG90by1wYWdlfHx8fGVufDB8fHx8fA%3D%3D
a steering wheel and dashboard of a car,"Editorial,Film",https://images.unsplash.com/photo-1712851245795-5291ca32045c?q=80&w=1000&auto=format&fit=crop&ixlib=rb-4.0.3&ixid=M3wxMjA3fDB8MHxwaG90by1wYWdlfHx8fGVufDB8fHx8fA%3D%3D
a motorcycle parked in front of a building,Film,https://images.unsplash.com/photo-1712824640149-efc907305f42?q=80&w=1000&auto=format&fit=crop&ixlib=rb-4.0.3&ixid=M3wxMjA3fDB8MHxwaG90by1wYWdlfHx8fGVufDB8fHx8fA%3D%3D
a palm tree being worked on by a crane,Film,https://images.unsplash.com/photo-1712810600351-f7c084b6c0ed?q=80&w=1000&auto=format&fit=crop&ixlib=rb-4.0.3&ixid=M3wxMjA3fDB8MHxwaG90by1wYWdlfHx8fGVufDB8fHx8fA%3D%3D
a room filled with lots of windows and lots of chairs,Film,https://images.unsplash.com/photo-1712824253095-208f18f8c313?q=80&w=1000&auto=format&fit=crop&ixlib=rb-4.0.3&ixid=M3wxMjA3fDB8MHxwaG90by1wYWdlfHx8fGVufDB8fHx8fA%3D%3D
a man sitting on a chair next to a pile of luggage,Film,https://images.unsplash.com/photo-1712851801608-6f536c7f33e4?q=80&w=1000&auto=format&fit=crop&ixlib=rb-4.0.3&ixid=M3wxMjA3fDB8MHxwaG90by1wYWdlfHx8fGVufDB8fHx8fA%3D%3D
a red and white building with columns and a clock,Architecture & Interiors,https://images.unsplash.com/photo-1712606723125-09b45f18fb25?q=80&w=1000&auto=format&fit=crop&ixlib=rb-4.0.3&ixid=M3wxMjA3fDB8MHxwaG90by1wYWdlfHx8fGVufDB8fHx8fA%3D%3D
a shadow of a person standing in a window of a house,Architecture & Interiors,https://images.unsplash.com/photo-1712505206553-6896c700bff9?q=80&w=1000&auto=format&fit=crop&ixlib=rb-4.0.3&ixid=M3wxMjA3fDB8MHxwaG90by1wYWdlfHx8fGVufDB8fHx8fA%3D%3D
a green door and a brick building,Film,https://images.unsplash.com/photo-1712851245751-d3ce71603a0f?q=80&w=1000&auto=format&fit=crop&ixlib=rb-4.0.3&ixid=M3wxMjA3fDB8MHxwaG90by1wYWdlfHx8fGVufDB8fHx8fA%3D%3D
a person standing in a hallway between two buildings,Architecture & Interiors,https://images.unsplash.com/photo-1712437873924-72d0e21fcc3f?q=80&w=1000&auto=format&fit=crop&ixlib=rb-4.0.3&ixid=M3wxMjA3fDB8MHxwaG90by1wYWdlfHx8fGVufDB8fHx8fA%3D%3D
a group of buildings that are next to a body of water,Architecture & Interiors,https://images.unsplash.com/photo-1711386953567-e8f78de8dbae?q=80&w=1000&auto=format&fit=crop&ixlib=rb-4.0.3&ixid=M3wxMjA3fDB8MHxwaG90by1wYWdlfHx8fGVufDB8fHx8fA%3D%3D
a chair with a blanket on it next to a potted plant,Architecture & Interiors,https://images.unsplash.com/photo-1712470121544-d27418868b7e?q=80&w=1000&auto=format&fit=crop&ixlib=rb-4.0.3&ixid=M3wxMjA3fDB8MHxwaG90by1wYWdlfHx8fGVufDB8fHx8fA%3D%3D
a bed in a room with a wooden wall,"Editorial,Architecture & Interiors",https://images.unsplash.com/photo-1712628837571-7c42f4c80387?q=80&w=1000&auto=format&fit=crop&ixlib=rb-4.0.3&ixid=M3wxMjA3fDB8MHxwaG90by1wYWdlfHx8fGVufDB8fHx8fA%3D%3D
a restaurant with yellow walls and wooden tables,Architecture & Interiors,https://images.unsplash.com/photo-1712730642507-d4ad0904e997?q=80&w=1000&auto=format&fit=crop&ixlib=rb-4.0.3&ixid=M3wxMjA3fDB8MHxwaG90by1wYWdlfHx8fGVufDB8fHx8fA%3D%3D
a tall building with balconies and balconies on the balconies,"Film,Travel",https://images.unsplash.com/photo-1712835541169-78ef843e27ac?q=80&w=1000&auto=format&fit=crop&ixlib=rb-4.0.3&ixid=M3wxMjA3fDB8MHxwaG90by1wYWdlfHx8fGVufDB8fHx8fA%3D%3D
a tall white building with yellow and blue windows,Architecture & Interiors,https://images.unsplash.com/photo-1711615979914-92f2d42bb882?q=80&w=1000&auto=format&fit=crop&ixlib=rb-4.0.3&ixid=M3wxMjA3fDB8MHxwaG90by1wYWdlfHx8fGVufDB8fHx8fA%3D%3D
a potted plant sitting on a stand next to a table,Architecture & Interiors,https://images.unsplash.com/photo-1712730642083-8dcd13e2d757?q=80&w=1000&auto=format&fit=crop&ixlib=rb-4.0.3&ixid=M3wxMjA3fDB8MHxwaG90by1wYWdlfHx8fGVufDB8fHx8fA%3D%3D
a black and white photo of a tall building,"Black & White,Architecture & Interiors",https://images.unsplash.com/photo-1712707646750-bea455b9c94a?q=80&w=1000&auto=format&fit=crop&ixlib=rb-4.0.3&ixid=M3wxMjA3fDB8MHxwaG90by1wYWdlfHx8fGVufDB8fHx8fA%3D%3D
a group of people walking through a large building,"Black & White,Architecture & Interiors",https://images.unsplash.com/photo-1712757691032-397e01ec9543?q=80&w=1000&auto=format&fit=crop&ixlib=rb-4.0.3&ixid=M3wxMjA3fDB8MHxwaG90by1wYWdlfHx8fGVufDB8fHx8fA%3D%3D
a close up of a couch with a blanket on it,Architecture & Interiors,https://images.unsplash.com/photo-1712544056643-a3f61b990ec8?q=80&w=1000&auto=format&fit=crop&ixlib=rb-4.0.3&ixid=M3wxMjA3fDB8MHxwaG90by1wYWdlfHx8fGVufDB8fHx8fA%3D%3D
a bathroom with a toilet and a tiled wall,Architecture & Interiors,https://images.unsplash.com/photo-1712529054462-6d3747a22a7e?q=80&w=1000&auto=format&fit=crop&ixlib=rb-4.0.3&ixid=M3wxMjA3fDB8MHxwaG90by1wYWdlfHx8fGVufDB8fHx8fA%3D%3D
a potted plant sitting next to a wooden shelf,Architecture & Interiors,https://images.unsplash.com/photo-1712730642026-eba30b562e7b?q=80&w=1000&auto=format&fit=crop&ixlib=rb-4.0.3&ixid=M3wxMjA3fDB8MHxwaG90by1wYWdlfHx8fGVufDB8fHx8fA%3D%3D
a book and a vase on a table,Architecture & Interiors,https://images.unsplash.com/photo-1712730641970-c8865f5bc943?q=80&w=1000&auto=format&fit=crop&ixlib=rb-4.0.3&ixid=M3wxMjA3fDB8MHxwaG90by1wYWdlfHx8fGVufDB8fHx8fA%3D%3D
a table with two chairs under a stair case,Architecture & Interiors,https://images.unsplash.com/photo-1712730642248-71474e4ad533?q=80&w=1000&auto=format&fit=crop&ixlib=rb-4.0.3&ixid=M3wxMjA3fDB8MHxwaG90by1wYWdlfHx8fGVufDB8fHx8fA%3D%3D
a room with some shelves and a chair,Architecture & Interiors,https://images.unsplash.com/photo-1712730642012-f63dcb2e5ee8?q=80&w=1000&auto=format&fit=crop&ixlib=rb-4.0.3&ixid=M3wxMjA3fDB8MHxwaG90by1wYWdlfHx8fGVufDB8fHx8fA%3D%3D
a black and white photo of a man sitting in a chair,Archival,https://images.unsplash.com/photo-1691066986353-df21f4bf9c20?q=80&w=1000&auto=format&fit=crop&ixlib=rb-4.0.3&ixid=M3wxMjA3fDB8MHxwaG90by1wYWdlfHx8fGVufDB8fHx8fA%3D%3D
silver and blue gemstone pendant necklace,Archival,https://images.unsplash.com/photo-1581344947734-faed9fc80bf9?q=80&w=1000&auto=format&fit=crop&ixlib=rb-4.0.3&ixid=M3wxMjA3fDB8MHxwaG90by1wYWdlfHx8fGVufDB8fHx8fA%3D%3D
a painting of a woman sitting at a table,Archival,https://images.unsplash.com/photo-1688902104056-6092d21f0e24?q=80&w=1000&auto=format&fit=crop&ixlib=rb-4.0.3&ixid=M3wxMjA3fDB8MHxwaG90by1wYWdlfHx8fGVufDB8fHx8fA%3D%3D
a painting of two women in a room,Archival,https://images.unsplash.com/photo-1694727329602-8f59b0d3f874?q=80&w=1000&auto=format&fit=crop&ixlib=rb-4.0.3&ixid=M3wxMjA3fDB8MHxwaG90by1wYWdlfHx8fGVufDB8fHx8fA%3D%3D
a wallpaper with horses and a man on a horse,"Editorial,Archival",https://images.unsplash.com/photo-1682589183381-9c1ca231d242?q=80&w=1000&auto=format&fit=crop&ixlib=rb-4.0.3&ixid=M3wxMjA3fDB8MHxwaG90by1wYWdlfHx8fGVufDB8fHx8fA%3D%3D
a painting of a woman in a red dress,Archival,https://images.unsplash.com/photo-1712687948458-e8080f3d42a1?q=80&w=1000&auto=format&fit=crop&ixlib=rb-4.0.3&ixid=M3wxMjA3fDB8MHxwaG90by1wYWdlfHx8fGVufDB8fHx8fA%3D%3D
a group of people sitting around a table with a cake,Archival,https://images.unsplash.com/photo-1684261421844-bb7823abfb58?q=80&w=1000&auto=format&fit=crop&ixlib=rb-4.0.3&ixid=M3wxMjA3fDB8MHxwaG90by1wYWdlfHx8fGVufDB8fHx8fA%3D%3D
a drawing of a girl with long hair,Archival,https://images.unsplash.com/photo-1712687947152-c036ccba778e?q=80&w=1000&auto=format&fit=crop&ixlib=rb-4.0.3&ixid=M3wxMjA3fDB8MHxwaG90by1wYWdlfHx8fGVufDB8fHx8fA%3D%3D
ship on ice land,"Editorial,Archival",https://images.unsplash.com/photo-1578402382291-053dade84181?q=80&w=1000&auto=format&fit=crop&ixlib=rb-4.0.3&ixid=M3wxMjA3fDB8MHxwaG90by1wYWdlfHx8fGVufDB8fHx8fA%3D%3D
a boat floating on top of a body of water surrounded by ice,"Editorial,Archival",https://images.unsplash.com/photo-1711699486799-901668a8d720?q=80&w=1000&auto=format&fit=crop&ixlib=rb-4.0.3&ixid=M3wxMjA3fDB8MHxwaG90by1wYWdlfHx8fGVufDB8fHx8fA%3D%3D
the inside of a church with pews and a chandelier,Architecture & Interiors,https://images.unsplash.com/photo-1712578980535-ee64f5a3ee3a?q=80&w=1000&auto=format&fit=crop&ixlib=rb-4.0.3&ixid=M3wxMjA3fDB8MHxwaG90by1wYWdlfHx8fGVufDB8fHx8fA%3D%3D
man riding boat,"Editorial,Archival",https://images.unsplash.com/photo-1578402382615-8c856f41452e?q=80&w=1000&auto=format&fit=crop&ixlib=rb-4.0.3&ixid=M3wxMjA3fDB8MHxwaG90by1wYWdlfHx8fGVufDB8fHx8fA%3D%3D
a group of men sitting around a bunk bed,Archival,https://images.unsplash.com/photo-1577895096349-7ed8aba94ac7?q=80&w=1000&auto=format&fit=crop&ixlib=rb-4.0.3&ixid=M3wxMjA3fDB8MHxwaG90by1wYWdlfHx8fGVufDB8fHx8fA%3D%3D
a group of dogs pulling a sled through the snow,"Archival,Nature",https://images.unsplash.com/photo-1711699487075-cbf02699ee08?q=80&w=1000&auto=format&fit=crop&ixlib=rb-4.0.3&ixid=M3wxMjA3fDB8MHxwaG90by1wYWdlfHx8fGVufDB8fHx8fA%3D%3D
grayscale photo of men standing beside flag,"Editorial,Archival",https://images.unsplash.com/photo-1578402382227-bd446050ef32?q=80&w=1000&auto=format&fit=crop&ixlib=rb-4.0.3&ixid=M3wxMjA3fDB8MHxwaG90by1wYWdlfHx8fGVufDB8fHx8fA%3D%3D
grayscale photography of man standing near a tractor,Archival,https://images.unsplash.com/photo-1577895229684-59121e3d4fd5?q=80&w=1000&auto=format&fit=crop&ixlib=rb-4.0.3&ixid=M3wxMjA3fDB8MHxwaG90by1wYWdlfHx8fGVufDB8fHx8fA%3D%3D
sepia photography of man feeding a penguin,"Editorial,Archival",https://images.unsplash.com/photo-1577895229852-5e4f6cdeb4fb?q=80&w=1000&auto=format&fit=crop&ixlib=rb-4.0.3&ixid=M3wxMjA3fDB8MHxwaG90by1wYWdlfHx8fGVufDB8fHx8fA%3D%3D
two men standing near building,Archival,https://images.unsplash.com/photo-1577895096920-7818f196cef3?q=80&w=1000&auto=format&fit=crop&ixlib=rb-4.0.3&ixid=M3wxMjA3fDB8MHxwaG90by1wYWdlfHx8fGVufDB8fHx8fA%3D%3D
a blue abstract object on a black background,3D Renders,https://images.unsplash.com/photo-1707246515826-f9ea9c35d3e9?q=80&w=1000&auto=format&fit=crop&ixlib=rb-4.0.3&ixid=M3wxMjA3fDB8MHxwaG90by1wYWdlfHx8fGVufDB8fHx8fA%3D%3D
background pattern,3D Renders,https://images.unsplash.com/photo-1661267589861-6a8f2088b8f8?q=80&w=1000&auto=format&fit=crop&ixlib=rb-4.0.3&ixid=M3wxMjA3fDB8MHxwaG90by1wYWdlfHx8fGVufDB8fHx8fA%3D%3D
a tube of cream sitting on top of a table,3D Renders,https://images.unsplash.com/photo-1712168044214-f5a272c23a5b?q=80&w=1000&auto=format&fit=crop&ixlib=rb-4.0.3&ixid=M3wxMjA3fDB8MHxwaG90by1wYWdlfHx8fGVufDB8fHx8fA%3D%3D
an abstract image of a building made of blocks,"Editorial,3D Renders",https://images.unsplash.com/photo-1706007496099-a3e4fea6a835?q=80&w=1000&auto=format&fit=crop&ixlib=rb-4.0.3&ixid=M3wxMjA3fDB8MHxwaG90by1wYWdlfHx8fGVufDB8fHx8fA%3D%3D
a close up of a plastic bag on a table,3D Renders,https://images.unsplash.com/photo-1710621659677-c63809e0a0d5?q=80&w=1000&auto=format&fit=crop&ixlib=rb-4.0.3&ixid=M3wxMjA3fDB8MHxwaG90by1wYWdlfHx8fGVufDB8fHx8fA%3D%3D
a plastic bag with holographics on it,"Editorial,Experimental,3D Renders",https://images.unsplash.com/photo-1710621671787-ffb572caf97a?q=80&w=1000&auto=format&fit=crop&ixlib=rb-4.0.3&ixid=M3wxMjA3fDB8MHxwaG90by1wYWdlfHx8fGVufDB8fHx8fA%3D%3D
a large white sail boat floating on top of snow covered ground,"Editorial,Archival",https://images.unsplash.com/photo-1711699487054-aca10a6b85ad?q=80&w=1000&auto=format&fit=crop&ixlib=rb-4.0.3&ixid=M3wxMjA3fDB8MHxwaG90by1wYWdlfHx8fGVufDB8fHx8fA%3D%3D
a black and blue background with squares,3D Renders,https://images.unsplash.com/photo-1712231045710-2c3e62acfb33?q=80&w=1000&auto=format&fit=crop&ixlib=rb-4.0.3&ixid=M3wxMjA3fDB8MHxwaG90by1wYWdlfHx8fGVufDB8fHx8fA%3D%3D
a man standing in the middle of an ice cave,"Editorial,Archival,Travel",https://images.unsplash.com/photo-1711699487364-7975fee8526c?q=80&w=1000&auto=format&fit=crop&ixlib=rb-4.0.3&ixid=M3wxMjA3fDB8MHxwaG90by1wYWdlfHx8fGVufDB8fHx8fA%3D%3D
"a group of pink, blue, and purple objects sitting on top of a table",3D Renders,https://images.unsplash.com/photo-1712145078463-25498736b225?q=80&w=1000&auto=format&fit=crop&ixlib=rb-4.0.3&ixid=M3wxMjA3fDB8MHxwaG90by1wYWdlfHx8fGVufDB8fHx8fA%3D%3D
a large group of blue rolls of paper,"Editorial,3D Renders",https://images.unsplash.com/photo-1707726244560-c5f25988ebaa?q=80&w=1000&auto=format&fit=crop&ixlib=rb-4.0.3&ixid=M3wxMjA3fDB8MHxwaG90by1wYWdlfHx8fGVufDB8fHx8fA%3D%3D
a cross in the middle of a blue light,3D Renders,https://images.unsplash.com/photo-1699344978686-123af7df9701?q=80&w=1000&auto=format&fit=crop&ixlib=rb-4.0.3&ixid=M3wxMjA3fDB8MHxwaG90by1wYWdlfHx8fGVufDB8fHx8fA%3D%3D
a view of the earth from space,"Editorial,3D Renders",https://images.unsplash.com/photo-1711330980173-f308124e153d?q=80&w=1000&auto=format&fit=crop&ixlib=rb-4.0.3&ixid=M3wxMjA3fDB8MHxwaG90by1wYWdlfHx8fGVufDB8fHx8fA%3D%3D
background pattern,3D Renders,https://images.unsplash.com/photo-1662082749583-8feda4b5f8ca?q=80&w=1000&auto=format&fit=crop&ixlib=rb-4.0.3&ixid=M3wxMjA3fDB8MHxwaG90by1wYWdlfHx8fGVufDB8fHx8fA%3D%3D
a black and white photo of a circular object,"Editorial,3D Renders",https://images.unsplash.com/photo-1693648795061-08416e2c4661?q=80&w=1000&auto=format&fit=crop&ixlib=rb-4.0.3&ixid=M3wxMjA3fDB8MHxwaG90by1wYWdlfHx8fGVufDB8fHx8fA%3D%3D
a black background with a blue wave in the middle,3D Renders,https://images.unsplash.com/photo-1712397943847-e104395a1a8b?q=80&w=1000&auto=format&fit=crop&ixlib=rb-4.0.3&ixid=M3wxMjA3fDB8MHxwaG90by1wYWdlfHx8fGVufDB8fHx8fA%3D%3D
a tree with white flowers in front of a store,"Street Photography,Travel",https://images.unsplash.com/photo-1712831713680-64c21f78fb35?q=80&w=1000&auto=format&fit=crop&ixlib=rb-4.0.3&ixid=M3wxMjA3fDB8MHxwaG90by1wYWdlfHx8fGVufDB8fHx8fA%3D%3D
a tall building with balconies and balconies on the balconies,"Film,Travel",https://images.unsplash.com/photo-1712835541169-78ef843e27ac?q=80&w=1000&auto=format&fit=crop&ixlib=rb-4.0.3&ixid=M3wxMjA3fDB8MHxwaG90by1wYWdlfHx8fGVufDB8fHx8fA%3D%3D
an aerial view of a beach with chairs and umbrellas,"Editorial,Travel",https://images.unsplash.com/photo-1644333192171-9c9ed347335c?q=80&w=1000&auto=format&fit=crop&ixlib=rb-4.0.3&ixid=M3wxMjA3fDB8MHxwaG90by1wYWdlfHx8fGVufDB8fHx8fA%3D%3D
photo of black door,"Editorial,Travel",https://images.unsplash.com/photo-1531166473306-c4c0827f3a89?q=80&w=1000&auto=format&fit=crop&ixlib=rb-4.0.3&ixid=M3wxMjA3fDB8MHxwaG90by1wYWdlfHx8fGVufDB8fHx8fA%3D%3D
green trees on mountain at daytime,"Editorial,Travel",https://images.unsplash.com/photo-1517508197110-f492aee41b98?q=80&w=1000&auto=format&fit=crop&ixlib=rb-4.0.3&ixid=M3wxMjA3fDB8MHxwaG90by1wYWdlfHx8fGVufDB8fHx8fA%3D%3D
opened window in building,"Wallpapers,Travel",https://images.unsplash.com/photo-1557339545-ed025888fede?q=80&w=1000&auto=format&fit=crop&ixlib=rb-4.0.3&ixid=M3wxMjA3fDB8MHxwaG90by1wYWdlfHx8fGVufDB8fHx8fA%3D%3D
black and white high rise building,"Editorial,Travel,Architecture & Interiors",https://images.unsplash.com/photo-1579888286284-692fa4bdc42b?q=80&w=1000&auto=format&fit=crop&ixlib=rb-4.0.3&ixid=M3wxMjA3fDB8MHxwaG90by1wYWdlfHx8fGVufDB8fHx8fA%3D%3D
a close up of a very tall building with arches,"Editorial,Travel",https://images.unsplash.com/photo-1644506050127-e3690621f2b1?q=80&w=1000&auto=format&fit=crop&ixlib=rb-4.0.3&ixid=M3wxMjA3fDB8MHxwaG90by1wYWdlfHx8fGVufDB8fHx8fA%3D%3D
an orange trolley car traveling down a street next to a tall building,"Editorial,Street Photography,Travel",https://images.unsplash.com/photo-1693572774544-bbca04f96800?q=80&w=1000&auto=format&fit=crop&ixlib=rb-4.0.3&ixid=M3wxMjA3fDB8MHxwaG90by1wYWdlfHx8fGVufDB8fHx8fA%3D%3D
a beach with a small building and a palm tree,"Editorial,Travel",https://images.unsplash.com/photo-1711509423975-69f05caf460d?q=80&w=1000&auto=format&fit=crop&ixlib=rb-4.0.3&ixid=M3wxMjA3fDB8MHxwaG90by1wYWdlfHx8fGVufDB8fHx8fA%3D%3D
a group of boats floating on top of a body of water,"Editorial,Travel",https://images.unsplash.com/photo-1711968558532-875818b3af09?q=80&w=1000&auto=format&fit=crop&ixlib=rb-4.0.3&ixid=M3wxMjA3fDB8MHxwaG90by1wYWdlfHx8fGVufDB8fHx8fA%3D%3D
a woman standing on top of a balcony next to a palm tree,"Editorial,Experimental,Travel",https://images.unsplash.com/photo-1707023488396-d8d13c84746a?q=80&w=1000&auto=format&fit=crop&ixlib=rb-4.0.3&ixid=M3wxMjA3fDB8MHxwaG90by1wYWdlfHx8fGVufDB8fHx8fA%3D%3D
a city street filled with lots of traffic,Travel,https://images.unsplash.com/photo-1712831713814-c0c068bfd4f4?q=80&w=1000&auto=format&fit=crop&ixlib=rb-4.0.3&ixid=M3wxMjA3fDB8MHxwaG90by1wYWdlfHx8fGVufDB8fHx8fA%3D%3D
a bicycle parked next to a lamp post near a body of water,"Editorial,Street Photography,Travel",https://images.unsplash.com/photo-1712679408447-3245b6bc7c16?q=80&w=1000&auto=format&fit=crop&ixlib=rb-4.0.3&ixid=M3wxMjA3fDB8MHxwaG90by1wYWdlfHx8fGVufDB8fHx8fA%3D%3D
the shadow of a person standing in front of a window,Textures & Patterns,https://images.unsplash.com/photo-1712684130848-b17d85f18b66?q=80&w=1000&auto=format&fit=crop&ixlib=rb-4.0.3&ixid=M3wxMjA3fDB8MHxwaG90by1wYWdlfHx8fGVufDB8fHx8fA%3D%3D
a person taking a picture of a city,"Editorial,Travel",https://images.unsplash.com/photo-1712737823405-df21d3a825c5?q=80&w=1000&auto=format&fit=crop&ixlib=rb-4.0.3&ixid=M3wxMjA3fDB8MHxwaG90by1wYWdlfHx8fGVufDB8fHx8fA%3D%3D
yellow abstract art,Textures & Patterns,https://images.unsplash.com/photo-1578151579046-f116df61327d?q=80&w=1000&auto=format&fit=crop&ixlib=rb-4.0.3&ixid=M3wxMjA3fDB8MHxwaG90by1wYWdlfHx8fGVufDB8fHx8fA%3D%3D
a couple of people that are standing in the water,Travel,https://images.unsplash.com/photo-1712714195270-3434849f4613?q=80&w=1000&auto=format&fit=crop&ixlib=rb-4.0.3&ixid=M3wxMjA3fDB8MHxwaG90by1wYWdlfHx8fGVufDB8fHx8fA%3D%3D
a large building with a clock on the top of it,Travel,https://images.unsplash.com/photo-1712756916572-0bd5f66b64aa?q=80&w=1000&auto=format&fit=crop&ixlib=rb-4.0.3&ixid=M3wxMjA3fDB8MHxwaG90by1wYWdlfHx8fGVufDB8fHx8fA%3D%3D
a large group of penguins are standing together,"Editorial,Animals,Nature",https://images.unsplash.com/photo-1707420256622-0af616bb57b6?q=80&w=1000&auto=format&fit=crop&ixlib=rb-4.0.3&ixid=M3wxMjA3fDB8MHxwaG90by1wYWdlfHx8fGVufDB8fHx8fA%3D%3D
a yellow trolley car on a city street,Travel,https://images.unsplash.com/photo-1712867415815-d5d46dad0086?q=80&w=1000&auto=format&fit=crop&ixlib=rb-4.0.3&ixid=M3wxMjA3fDB8MHxwaG90by1wYWdlfHx8fGVufDB8fHx8fA%3D%3D
a bunch of flowers that are in the grass,"Textures & Patterns,Experimental",https://images.unsplash.com/photo-1712815081290-fb9e4ee8775f?q=80&w=1000&auto=format&fit=crop&ixlib=rb-4.0.3&ixid=M3wxMjA3fDB8MHxwaG90by1wYWdlfHx8fGVufDB8fHx8fA%3D%3D
a blurry photo of a street light at night,"Textures & Patterns,Experimental",https://images.unsplash.com/photo-1710584470207-d160fb474c17?q=80&w=1000&auto=format&fit=crop&ixlib=rb-4.0.3&ixid=M3wxMjA3fDB8MHxwaG90by1wYWdlfHx8fGVufDB8fHx8fA%3D%3D
white plastic panel,"Editorial,Street Photography,Textures & Patterns",https://images.unsplash.com/photo-1544215818-53eb272de57f?q=80&w=1000&auto=format&fit=crop&ixlib=rb-4.0.3&ixid=M3wxMjA3fDB8MHxwaG90by1wYWdlfHx8fGVufDB8fHx8fA%3D%3D
a black background with multicolored lines in the dark,"Editorial,Textures & Patterns",https://images.unsplash.com/photo-1710664416954-3f4f088a2f12?q=80&w=1000&auto=format&fit=crop&ixlib=rb-4.0.3&ixid=M3wxMjA3fDB8MHxwaG90by1wYWdlfHx8fGVufDB8fHx8fA%3D%3D
a traffic light sitting next to a window covered in rain,"Textures & Patterns,Experimental",https://images.unsplash.com/photo-1712023559632-ecd0098c2d61?q=80&w=1000&auto=format&fit=crop&ixlib=rb-4.0.3&ixid=M3wxMjA3fDB8MHxwaG90by1wYWdlfHx8fGVufDB8fHx8fA%3D%3D
orange smoke on blue background,"Editorial,Textures & Patterns",https://images.unsplash.com/photo-1509114397022-ed747cca3f65?q=80&w=1000&auto=format&fit=crop&ixlib=rb-4.0.3&ixid=M3wxMjA3fDB8MHxwaG90by1wYWdlfHx8fGVufDB8fHx8fA%3D%3D
red and yellow abstract painting,"Editorial,Textures & Patterns",https://images.unsplash.com/photo-1593810961569-685cf692cb99?q=80&w=1000&auto=format&fit=crop&ixlib=rb-4.0.3&ixid=M3wxMjA3fDB8MHxwaG90by1wYWdlfHx8fGVufDB8fHx8fA%3D%3D
a close up of a person's neck with a red light,"Editorial,Textures & Patterns",https://images.unsplash.com/photo-1706702355789-4812f788f763?q=80&w=1000&auto=format&fit=crop&ixlib=rb-4.0.3&ixid=M3wxMjA3fDB8MHxwaG90by1wYWdlfHx8fGVufDB8fHx8fA%3D%3D
a close up of a plant with red leaves,"Editorial,Textures & Patterns,Experimental",https://images.unsplash.com/photo-1706766008345-c92c0195d7ef?q=80&w=1000&auto=format&fit=crop&ixlib=rb-4.0.3&ixid=M3wxMjA3fDB8MHxwaG90by1wYWdlfHx8fGVufDB8fHx8fA%3D%3D
"red, white, and blue abstract painting","Editorial,Textures & Patterns",https://images.unsplash.com/photo-1485337067832-85c243e4d4ac?q=80&w=1000&auto=format&fit=crop&ixlib=rb-4.0.3&ixid=M3wxMjA3fDB8MHxwaG90by1wYWdlfHx8fGVufDB8fHx8fA%3D%3D
red and brown flower illustration,"Editorial,Textures & Patterns,Experimental",https://images.unsplash.com/photo-1600483732413-8415d92621d1?q=80&w=1000&auto=format&fit=crop&ixlib=rb-4.0.3&ixid=M3wxMjA3fDB8MHxwaG90by1wYWdlfHx8fGVufDB8fHx8fA%3D%3D
a close up view of a red flower,Textures & Patterns,https://images.unsplash.com/photo-1650561825546-ad79ffffb909?q=80&w=1000&auto=format&fit=crop&ixlib=rb-4.0.3&ixid=M3wxMjA3fDB8MHxwaG90by1wYWdlfHx8fGVufDB8fHx8fA%3D%3D
a red scooter parked on the sidewalk in front of a building,Film,https://images.unsplash.com/photo-1713061295683-3f352f6651d6?q=80&w=1000&auto=format&fit=crop&ixlib=rb-4.0.3&ixid=M3wxMjA3fDB8MHxwaG90by1wYWdlfHx8fGVufDB8fHx8fA%3D%3D
brown plant in close up photography,"Textures & Patterns,Color of Water",https://images.unsplash.com/photo-1628784230353-5bee16e2f005?q=80&w=1000&auto=format&fit=crop&ixlib=rb-4.0.3&ixid=M3wxMjA3fDB8MHxwaG90by1wYWdlfHx8fGVufDB8fHx8fA%3D%3D
a black and white photo of a boat in the ocean,Archival,https://images.unsplash.com/photo-1711699486878-e86d8e6a22cd?q=80&w=1000&auto=format&fit=crop&ixlib=rb-4.0.3&ixid=M3wxMjA3fDB8MHxwaG90by1wYWdlfHx8fGVufDB8fHx8fA%3D%3D
a narrow alleyway between two buildings with shutters open,"Travel,Architecture & Interiors",https://images.unsplash.com/photo-1712578649076-41acdc09a68d?q=80&w=1000&auto=format&fit=crop&ixlib=rb-4.0.3&ixid=M3wxMjA3fDB8MHxwaG90by1wYWdlfHx8fGVufDB8fHx8fA%3D%3D
a woman standing on top of a balcony next to a palm tree,"Editorial,Experimental,Travel",https://images.unsplash.com/photo-1707023488396-d8d13c84746a?q=80&w=1000&auto=format&fit=crop&ixlib=rb-4.0.3&ixid=M3wxMjA3fDB8MHxwaG90by1wYWdlfHx8fGVufDB8fHx8fA%3D%3D
a man standing in front of a stone wall,Street Photography,https://images.unsplash.com/photo-1713008189782-4cbb208fe074?q=80&w=1000&auto=format&fit=crop&ixlib=rb-4.0.3&ixid=M3wxMjA3fDB8MHxwaG90by1wYWdlfHx8fGVufDB8fHx8fA%3D%3D
a chair and a table in a room,"3D Renders,Cool Tones",https://images.unsplash.com/photo-1707135874025-faa607672702?q=80&w=1000&auto=format&fit=crop&ixlib=rb-4.0.3&ixid=M3wxMjA3fDB8MHxwaG90by1wYWdlfHx8fGVufDB8fHx8fA%3D%3D
a close up of a red and blue fluid substance,"Editorial,Textures & Patterns",https://images.unsplash.com/photo-1513624954087-ca7109c0f710?q=80&w=1000&auto=format&fit=crop&ixlib=rb-4.0.3&ixid=M3wxMjA3fDB8MHxwaG90by1wYWdlfHx8fGVufDB8fHx8fA%3D%3D
a reflection of a building in a mirror,"Black & White,Experimental",https://images.unsplash.com/photo-1712704294121-807b2ac136d9?q=80&w=1000&auto=format&fit=crop&ixlib=rb-4.0.3&ixid=M3wxMjA3fDB8MHxwaG90by1wYWdlfHx8fGVufDB8fHx8fA%3D%3D
microscope photography of red and black microorganism,"Editorial,Textures & Patterns,Experimental",https://images.unsplash.com/photo-1484903820457-9e585d707e9d?q=80&w=1000&auto=format&fit=crop&ixlib=rb-4.0.3&ixid=M3wxMjA3fDB8MHxwaG90by1wYWdlfHx8fGVufDB8fHx8fA%3D%3D
a black and white photo of a building on a canal,Travel,https://images.unsplash.com/photo-1712921673111-95401d3a7511?q=80&w=1000&auto=format&fit=crop&ixlib=rb-4.0.3&ixid=M3wxMjA3fDB8MHxwaG90by1wYWdlfHx8fGVufDB8fHx8fA%3D%3D
people walking digital wallpaper,"Editorial,Experimental",https://images.unsplash.com/photo-1467211613829-b04a0aecf611?q=80&w=1000&auto=format&fit=crop&ixlib=rb-4.0.3&ixid=M3wxMjA3fDB8MHxwaG90by1wYWdlfHx8fGVufDB8fHx8fA%3D%3D
a bunch of flowers that are in the grass,"Textures & Patterns,Experimental",https://images.unsplash.com/photo-1712815081290-fb9e4ee8775f?q=80&w=1000&auto=format&fit=crop&ixlib=rb-4.0.3&ixid=M3wxMjA3fDB8MHxwaG90by1wYWdlfHx8fGVufDB8fHx8fA%3D%3D
a close up of a clock with red lights on it,"Editorial,Textures & Patterns,3D Renders",https://images.unsplash.com/photo-1645943020355-305df166473d?q=80&w=1000&auto=format&fit=crop&ixlib=rb-4.0.3&ixid=M3wxMjA3fDB8MHxwaG90by1wYWdlfHx8fGVufDB8fHx8fA%3D%3D
a row of tall buildings,"Street Photography,Textures & Patterns,Wallpapers",https://images.unsplash.com/photo-1650842595444-8ae05d8347e9?q=80&w=1000&auto=format&fit=crop&ixlib=rb-4.0.3&ixid=M3wxMjA3fDB8MHxwaG90by1wYWdlfHx8fGVufDB8fHx8fA%3D%3D
a picture of a window with a light coming through it,Experimental,https://images.unsplash.com/photo-1712678278746-3a92324e4867?q=80&w=1000&auto=format&fit=crop&ixlib=rb-4.0.3&ixid=M3wxMjA3fDB8MHxwaG90by1wYWdlfHx8fGVufDB8fHx8fA%3D%3D
a glass with a liquid in it,Experimental,https://images.unsplash.com/photo-1664520780797-ffd53e1e1eb2?q=80&w=1000&auto=format&fit=crop&ixlib=rb-4.0.3&ixid=M3wxMjA3fDB8MHxwaG90by1wYWdlfHx8fGVufDB8fHx8fA%3D%3D
a black and white photo of a tree,"Black & White,Nature,Experimental",https://images.unsplash.com/photo-1712771315936-3a2287614bf0?q=80&w=1000&auto=format&fit=crop&ixlib=rb-4.0.3&ixid=M3wxMjA3fDB8MHxwaG90by1wYWdlfHx8fGVufDB8fHx8fA%3D%3D
a woman in a long skirt standing in a tunnel,Experimental,https://images.unsplash.com/photo-1712797654800-8f6f13ff0bbb?q=80&w=1000&auto=format&fit=crop&ixlib=rb-4.0.3&ixid=M3wxMjA3fDB8MHxwaG90by1wYWdlfHx8fGVufDB8fHx8fA%3D%3D
a group of trees standing in a snow covered field,"Wallpapers,Experimental",https://images.unsplash.com/photo-1712764799600-3ffe2b830b68?q=80&w=1000&auto=format&fit=crop&ixlib=rb-4.0.3&ixid=M3wxMjA3fDB8MHxwaG90by1wYWdlfHx8fGVufDB8fHx8fA%3D%3D
a woman standing on a beach next to the ocean,"Editorial,Experimental",https://images.unsplash.com/photo-1712390288507-78167017a190?q=80&w=1000&auto=format&fit=crop&ixlib=rb-4.0.3&ixid=M3wxMjA3fDB8MHxwaG90by1wYWdlfHx8fGVufDB8fHx8fA%3D%3D
the sun is shining brightly in the dark sky,"Editorial,Experimental",https://images.unsplash.com/photo-1712684819410-72da278393d9?q=80&w=1000&auto=format&fit=crop&ixlib=rb-4.0.3&ixid=M3wxMjA3fDB8MHxwaG90by1wYWdlfHx8fGVufDB8fHx8fA%3D%3D
a grassy field with trees and water in the background,Experimental,https://images.unsplash.com/photo-1712764755696-9e06721e7159?q=80&w=1000&auto=format&fit=crop&ixlib=rb-4.0.3&ixid=M3wxMjA3fDB8MHxwaG90by1wYWdlfHx8fGVufDB8fHx8fA%3D%3D
a view of a building through a glass roof,Experimental,https://images.unsplash.com/photo-1708183821987-d389e39e2e63?q=80&w=1000&auto=format&fit=crop&ixlib=rb-4.0.3&ixid=M3wxMjA3fDB8MHxwaG90by1wYWdlfHx8fGVufDB8fHx8fA%3D%3D
a couple of people that are holding glasses of beer,Food & Drink,https://images.unsplash.com/photo-1712652036536-b23b64aac813?q=80&w=1000&auto=format&fit=crop&ixlib=rb-4.0.3&ixid=M3wxMjA3fDB8MHxwaG90by1wYWdlfHx8fGVufDB8fHx8fA%3D%3D
pink flowers are blooming on the branches of a tree,"Editorial,Nature,Experimental",https://images.unsplash.com/photo-1712741842792-763796aa9dfe?q=80&w=1000&auto=format&fit=crop&ixlib=rb-4.0.3&ixid=M3wxMjA3fDB8MHxwaG90by1wYWdlfHx8fGVufDB8fHx8fA%3D%3D
a popcorn box filled with lots of popcorn,Food & Drink,https://images.unsplash.com/photo-1712603179445-95f0ea773852?q=80&w=1000&auto=format&fit=crop&ixlib=rb-4.0.3&ixid=M3wxMjA3fDB8MHxwaG90by1wYWdlfHx8fGVufDB8fHx8fA%3D%3D
a couple of pizzas sitting on top of a table,Food & Drink,https://images.unsplash.com/photo-1712652036447-52f5ee1acaa4?q=80&w=1000&auto=format&fit=crop&ixlib=rb-4.0.3&ixid=M3wxMjA3fDB8MHxwaG90by1wYWdlfHx8fGVufDB8fHx8fA%3D%3D
a blurry photo of trees in a forest,"Wallpapers,Experimental",https://images.unsplash.com/photo-1712889464937-494692371e84?q=80&w=1000&auto=format&fit=crop&ixlib=rb-4.0.3&ixid=M3wxMjA3fDB8MHxwaG90by1wYWdlfHx8fGVufDB8fHx8fA%3D%3D
a loaf of bread sitting on top of a cutting board,Food & Drink,https://images.unsplash.com/photo-1712603163700-6872c112ecbb?q=80&w=1000&auto=format&fit=crop&ixlib=rb-4.0.3&ixid=M3wxMjA3fDB8MHxwaG90by1wYWdlfHx8fGVufDB8fHx8fA%3D%3D
a couple of pizzas sitting on top of a table,Food & Drink,https://images.unsplash.com/photo-1712652036674-fea9d3bfb961?q=80&w=1000&auto=format&fit=crop&ixlib=rb-4.0.3&ixid=M3wxMjA3fDB8MHxwaG90by1wYWdlfHx8fGVufDB8fHx8fA%3D%3D
bowl of fruits,"Editorial,Food & Drink,Health & Wellness",https://images.unsplash.com/photo-1482508809494-03688cd42e7e?q=80&w=1000&auto=format&fit=crop&ixlib=rb-4.0.3&ixid=M3wxMjA3fDB8MHxwaG90by1wYWdlfHx8fGVufDB8fHx8fA%3D%3D
two people are eating pizza and drinking beer,Food & Drink,https://images.unsplash.com/photo-1712652036639-eda90f7e6ddb?q=80&w=1000&auto=format&fit=crop&ixlib=rb-4.0.3&ixid=M3wxMjA3fDB8MHxwaG90by1wYWdlfHx8fGVufDB8fHx8fA%3D%3D
a person cutting a pizza with a pizza cutter,Food & Drink,https://images.unsplash.com/photo-1712652036538-9b9f0cf50b84?q=80&w=1000&auto=format&fit=crop&ixlib=rb-4.0.3&ixid=M3wxMjA3fDB8MHxwaG90by1wYWdlfHx8fGVufDB8fHx8fA%3D%3D
,"Health & Wellness,Spirituality",https://images.unsplash.com/photo-1633346518047-b20cb65abeae?q=80&w=1000&auto=format&fit=crop&ixlib=rb-4.0.3&ixid=M3wxMjA3fDB8MHxwaG90by1wYWdlfHx8fGVufDB8fHx8fA%3D%3D
a person sitting on a bed holding a book,Health & Wellness,https://images.unsplash.com/photo-1634316340677-92adf79084a5?q=80&w=1000&auto=format&fit=crop&ixlib=rb-4.0.3&ixid=M3wxMjA3fDB8MHxwaG90by1wYWdlfHx8fGVufDB8fHx8fA%3D%3D
a person sprinkling pepperoni on a pizza,Food & Drink,https://images.unsplash.com/photo-1712652036636-3a59a45ca24c?q=80&w=1000&auto=format&fit=crop&ixlib=rb-4.0.3&ixid=M3wxMjA3fDB8MHxwaG90by1wYWdlfHx8fGVufDB8fHx8fA%3D%3D
woman carrying fruits in basket,"Editorial,Food & Drink,Health & Wellness",https://images.unsplash.com/photo-1518567283970-1be575199348?q=80&w=1000&auto=format&fit=crop&ixlib=rb-4.0.3&ixid=M3wxMjA3fDB8MHxwaG90by1wYWdlfHx8fGVufDB8fHx8fA%3D%3D
red-and-orange peach,Food & Drink,https://images.unsplash.com/photo-1565769583756-fe3ffffcae49?q=80&w=1000&auto=format&fit=crop&ixlib=rb-4.0.3&ixid=M3wxMjA3fDB8MHxwaG90by1wYWdlfHx8fGVufDB8fHx8fA%3D%3D
pink road bike,"Editorial,Sports,Health & Wellness",https://images.unsplash.com/photo-1503914068268-5413b35b45ad?q=80&w=1000&auto=format&fit=crop&ixlib=rb-4.0.3&ixid=M3wxMjA3fDB8MHxwaG90by1wYWdlfHx8fGVufDB8fHx8fA%3D%3D
red and white fruits lot on basket,Health & Wellness,https://images.unsplash.com/photo-1533478709795-15617431db48?q=80&w=1000&auto=format&fit=crop&ixlib=rb-4.0.3&ixid=M3wxMjA3fDB8MHxwaG90by1wYWdlfHx8fGVufDB8fHx8fA%3D%3D
orange plastic bottle beside orange plastic bottle,"Health & Wellness,Fashion & Beauty",https://images.unsplash.com/photo-1615396899839-c99c121888b0?q=80&w=1000&auto=format&fit=crop&ixlib=rb-4.0.3&ixid=M3wxMjA3fDB8MHxwaG90by1wYWdlfHx8fGVufDB8fHx8fA%3D%3D
i love you text on pink and white polka dot background,"Health & Wellness,Current Events",https://images.unsplash.com/photo-1584447128309-b66b7a4d1b63?q=80&w=1000&auto=format&fit=crop&ixlib=rb-4.0.3&ixid=M3wxMjA3fDB8MHxwaG90by1wYWdlfHx8fGVufDB8fHx8fA%3D%3D
a cell phone with a picture of a plant on the screen,Health & Wellness,https://images.unsplash.com/photo-1635373390303-cc78167278ee?q=80&w=1000&auto=format&fit=crop&ixlib=rb-4.0.3&ixid=M3wxMjA3fDB8MHxwaG90by1wYWdlfHx8fGVufDB8fHx8fA%3D%3D
beige rotary telephone,"Editorial,Health & Wellness,Interiors",https://images.unsplash.com/photo-1567016507665-356928ac6679?q=80&w=1000&auto=format&fit=crop&ixlib=rb-4.0.3&ixid=M3wxMjA3fDB8MHxwaG90by1wYWdlfHx8fGVufDB8fHx8fA%3D%3D
a person holding a slice of lemon in their hand,"Editorial,Health & Wellness",https://images.unsplash.com/photo-1710631245967-579e5a5bf021?q=80&w=1000&auto=format&fit=crop&ixlib=rb-4.0.3&ixid=M3wxMjA3fDB8MHxwaG90by1wYWdlfHx8fGVufDB8fHx8fA%3D%3D
person holding round green fruit overlooking beach waves on shore at daytime,"Editorial,Food & Drink,Health & Wellness",https://images.unsplash.com/photo-1542013913605-2802786a0c46?q=80&w=1000&auto=format&fit=crop&ixlib=rb-4.0.3&ixid=M3wxMjA3fDB8MHxwaG90by1wYWdlfHx8fGVufDB8fHx8fA%3D%3D
clear glass mug on three stacked books inside room,"Editorial,Food & Drink,Health & Wellness",https://images.unsplash.com/photo-1523865236457-3ae3358a4eaa?q=80&w=1000&auto=format&fit=crop&ixlib=rb-4.0.3&ixid=M3wxMjA3fDB8MHxwaG90by1wYWdlfHx8fGVufDB8fHx8fA%3D%3D
a nintendo wii controller sitting on top of a green and yellow triangle,Health & Wellness,https://images.unsplash.com/photo-1712842953036-1ca00b78eb66?q=80&w=1000&auto=format&fit=crop&ixlib=rb-4.0.3&ixid=M3wxMjA3fDB8MHxwaG90by1wYWdlfHx8fGVufDB8fHx8fA%3D%3D
a plastic cup sitting on top of a colorful surface,Health & Wellness,https://images.unsplash.com/photo-1712677178015-b0f34a4f3ad0?q=80&w=1000&auto=format&fit=crop&ixlib=rb-4.0.3&ixid=M3wxMjA3fDB8MHxwaG90by1wYWdlfHx8fGVufDB8fHx8fA%3D%3D
a solar eclipse is seen in the dark sky,"Nature,Spirituality",https://images.unsplash.com/photo-1712658686602-728c7fcd5148?q=80&w=1000&auto=format&fit=crop&ixlib=rb-4.0.3&ixid=M3wxMjA3fDB8MHxwaG90by1wYWdlfHx8fGVufDB8fHx8fA%3D%3D
a close up of a person laying in a bed with a towel,Health & Wellness,https://images.unsplash.com/photo-1712638932314-e2b185ca0930?q=80&w=1000&auto=format&fit=crop&ixlib=rb-4.0.3&ixid=M3wxMjA3fDB8MHxwaG90by1wYWdlfHx8fGVufDB8fHx8fA%3D%3D
a black and white photo of raindrops on a tree,"Experimental,Spirituality",https://images.unsplash.com/photo-1712264247431-3f9d973e3347?q=80&w=1000&auto=format&fit=crop&ixlib=rb-4.0.3&ixid=M3wxMjA3fDB8MHxwaG90by1wYWdlfHx8fGVufDB8fHx8fA%3D%3D
a woman laying on a chaise lounge in a hotel room,"Editorial,Health & Wellness,Fashion & Beauty",https://images.unsplash.com/photo-1712371962703-3d53845ab565?q=80&w=1000&auto=format&fit=crop&ixlib=rb-4.0.3&ixid=M3wxMjA3fDB8MHxwaG90by1wYWdlfHx8fGVufDB8fHx8fA%3D%3D
a body of water with a boat in the distance,"Nature,Earth Hour,Spirituality",https://images.unsplash.com/photo-1711119458612-bb98b1f9fa5a?q=80&w=1000&auto=format&fit=crop&ixlib=rb-4.0.3&ixid=M3wxMjA3fDB8MHxwaG90by1wYWdlfHx8fGVufDB8fHx8fA%3D%3D
a river running through a lush green forest,Spirituality,https://images.unsplash.com/photo-1706177818542-bcd369cc1fad?q=80&w=1000&auto=format&fit=crop&ixlib=rb-4.0.3&ixid=M3wxMjA3fDB8MHxwaG90by1wYWdlfHx8fGVufDB8fHx8fA%3D%3D
a flower that is sitting in the corner of a room,"Experimental,Spirituality",https://images.unsplash.com/photo-1709463623350-99f5e60587c1?q=80&w=1000&auto=format&fit=crop&ixlib=rb-4.0.3&ixid=M3wxMjA3fDB8MHxwaG90by1wYWdlfHx8fGVufDB8fHx8fA%3D%3D
a shadow of a tree on the side of a house,Spirituality,https://images.unsplash.com/photo-1712505206553-315cf8fc1aeb?q=80&w=1000&auto=format&fit=crop&ixlib=rb-4.0.3&ixid=M3wxMjA3fDB8MHxwaG90by1wYWdlfHx8fGVufDB8fHx8fA%3D%3D
a golden statue on top of a white building,Spirituality,https://images.unsplash.com/photo-1684736589812-5843a0012dc2?q=80&w=1000&auto=format&fit=crop&ixlib=rb-4.0.3&ixid=M3wxMjA3fDB8MHxwaG90by1wYWdlfHx8fGVufDB8fHx8fA%3D%3D
a woman standing in front of a tree with oranges on it,"Editorial,Spirituality",https://images.unsplash.com/photo-1662013605083-79e0edbbaef8?q=80&w=1000&auto=format&fit=crop&ixlib=rb-4.0.3&ixid=M3wxMjA3fDB8MHxwaG90by1wYWdlfHx8fGVufDB8fHx8fA%3D%3D
a man lying in a field of plants with water in the background,Spirituality,https://images.unsplash.com/photo-1662013605918-154ae1fb7d63?q=80&w=1000&auto=format&fit=crop&ixlib=rb-4.0.3&ixid=M3wxMjA3fDB8MHxwaG90by1wYWdlfHx8fGVufDB8fHx8fA%3D%3D
a person riding a surfboard on top of a sandy beach,"Nature,Wallpapers,Spirituality",https://images.unsplash.com/photo-1712809614510-d3e25cb38b05?q=80&w=1000&auto=format&fit=crop&ixlib=rb-4.0.3&ixid=M3wxMjA3fDB8MHxwaG90by1wYWdlfHx8fGVufDB8fHx8fA%3D%3D
a woman standing in a room holding a remote,Spirituality,https://images.unsplash.com/photo-1712844470079-d9cc7ebd69a5?q=80&w=1000&auto=format&fit=crop&ixlib=rb-4.0.3&ixid=M3wxMjA3fDB8MHxwaG90by1wYWdlfHx8fGVufDB8fHx8fA%3D%3D
a sign on a wall that says as long as we're content to live,Spirituality,https://images.unsplash.com/photo-1712584098003-6f89973821f7?q=80&w=1000&auto=format&fit=crop&ixlib=rb-4.0.3&ixid=M3wxMjA3fDB8MHxwaG90by1wYWdlfHx8fGVufDB8fHx8fA%3D%3D
a stained glass window inside of a church,Spirituality,https://images.unsplash.com/photo-1712678287866-147ddbf99e3a?q=80&w=1000&auto=format&fit=crop&ixlib=rb-4.0.3&ixid=M3wxMjA3fDB8MHxwaG90by1wYWdlfHx8fGVufDB8fHx8fA%3D%3D
a blurry photo of a body of water,"Editorial,Spirituality",https://images.unsplash.com/photo-1708819250631-bb426d85c3a7?q=80&w=1000&auto=format&fit=crop&ixlib=rb-4.0.3&ixid=M3wxMjA3fDB8MHxwaG90by1wYWdlfHx8fGVufDB8fHx8fA%3D%3D
pink flower on white background,Experimental,https://images.unsplash.com/photo-1591617870684-6e861e6a48ad?q=80&w=1000&auto=format&fit=crop&ixlib=rb-4.0.3&ixid=M3wxMjA3fDB8MHxwaG90by1wYWdlfHx8fGVufDB8fHx8fA%3D%3D
a black and white photo of a church,Spirituality,https://images.unsplash.com/photo-1712921673117-10944730b5f2?q=80&w=1000&auto=format&fit=crop&ixlib=rb-4.0.3&ixid=M3wxMjA3fDB8MHxwaG90by1wYWdlfHx8fGVufDB8fHx8fA%3D%3D
an animal standing on top of a sandy beach,Spirituality,https://images.unsplash.com/photo-1712757611885-faaf24a3f514?q=80&w=1000&auto=format&fit=crop&ixlib=rb-4.0.3&ixid=M3wxMjA3fDB8MHxwaG90by1wYWdlfHx8fGVufDB8fHx8fA%3D%3D
woman in black and white polka dot shirt holding white plastic tube,"Editorial,Health & Wellness",https://images.unsplash.com/photo-1612278247079-6a0af8ff2dee?q=80&w=1000&auto=format&fit=crop&ixlib=rb-4.0.3&ixid=M3wxMjA3fDB8MHxwaG90by1wYWdlfHx8fGVufDB8fHx8fA%3D%3D
a mountain covered in snow with trees in the foreground,"Nature,Earth Hour,Spirituality",https://images.unsplash.com/photo-1709715745938-15f9a0728eae?q=80&w=1000&auto=format&fit=crop&ixlib=rb-4.0.3&ixid=M3wxMjA3fDB8MHxwaG90by1wYWdlfHx8fGVufDB8fHx8fA%3D%3D
a person pours a drink into a martini glass,"Editorial,Food & Drink",https://images.unsplash.com/photo-1712371962622-7ef55b24aa53?q=80&w=1000&auto=format&fit=crop&ixlib=rb-4.0.3&ixid=M3wxMjA3fDB8MHxwaG90by1wYWdlfHx8fGVufDB8fHx8fA%3D%3D
white row boats inline on body of water during foggy weather,"Editorial,Black & White,Wallpapers",https://images.unsplash.com/photo-1496629062893-b0f566065d44?q=80&w=1000&auto=format&fit=crop&ixlib=rb-4.0.3&ixid=M3wxMjA3fDB8MHxwaG90by1wYWdlfHx8fGVufDB8fHx8fA%3D%3D
a woman walking along a beach next to the ocean,"Editorial,Health & Wellness,Spirituality",https://images.unsplash.com/photo-1707173513975-5367d9f1a371?q=80&w=1000&auto=format&fit=crop&ixlib=rb-4.0.3&ixid=M3wxMjA3fDB8MHxwaG90by1wYWdlfHx8fGVufDB8fHx8fA%3D%3D
a man standing on top of a snow covered mountain,Sports,https://images.unsplash.com/photo-1707235459291-5b1e5b89e1da?q=80&w=1000&auto=format&fit=crop&ixlib=rb-4.0.3&ixid=M3wxMjA3fDB8MHxwaG90by1wYWdlfHx8fGVufDB8fHx8fA%3D%3D
a man riding a snowboard down a snow covered slope,Sports,https://images.unsplash.com/photo-1712513246706-1e8f701291fe?q=80&w=1000&auto=format&fit=crop&ixlib=rb-4.0.3&ixid=M3wxMjA3fDB8MHxwaG90by1wYWdlfHx8fGVufDB8fHx8fA%3D%3D
yellow and black road bike,Sports,https://images.unsplash.com/photo-1618747856089-c943fea2e7f7?q=80&w=1000&auto=format&fit=crop&ixlib=rb-4.0.3&ixid=M3wxMjA3fDB8MHxwaG90by1wYWdlfHx8fGVufDB8fHx8fA%3D%3D
a man climbing up the side of a rock wall,Sports,https://images.unsplash.com/photo-1712521708632-8e59a3042207?q=80&w=1000&auto=format&fit=crop&ixlib=rb-4.0.3&ixid=M3wxMjA3fDB8MHxwaG90by1wYWdlfHx8fGVufDB8fHx8fA%3D%3D
a man flying through the air while riding a snowboard,"Editorial,Sports",https://images.unsplash.com/photo-1711950901044-fa6215a9c59b?q=80&w=1000&auto=format&fit=crop&ixlib=rb-4.0.3&ixid=M3wxMjA3fDB8MHxwaG90by1wYWdlfHx8fGVufDB8fHx8fA%3D%3D
a man flying through the air while riding a snowboard,Sports,https://images.unsplash.com/photo-1712660998389-0748a872fb7d?q=80&w=1000&auto=format&fit=crop&ixlib=rb-4.0.3&ixid=M3wxMjA3fDB8MHxwaG90by1wYWdlfHx8fGVufDB8fHx8fA%3D%3D
a woman laying on top of a rock next to a river,"Editorial,Sports",https://images.unsplash.com/photo-1712789737419-25a251784e8a?q=80&w=1000&auto=format&fit=crop&ixlib=rb-4.0.3&ixid=M3wxMjA3fDB8MHxwaG90by1wYWdlfHx8fGVufDB8fHx8fA%3D%3D
a person is parasailing in the air at sunset,Sports,https://images.unsplash.com/photo-1712841607277-fb8793f1a047?q=80&w=1000&auto=format&fit=crop&ixlib=rb-4.0.3&ixid=M3wxMjA3fDB8MHxwaG90by1wYWdlfHx8fGVufDB8fHx8fA%3D%3D
a person is parasailing in the mountains at sunset,"Editorial,Sports",https://images.unsplash.com/photo-1712841609467-51396e30f964?q=80&w=1000&auto=format&fit=crop&ixlib=rb-4.0.3&ixid=M3wxMjA3fDB8MHxwaG90by1wYWdlfHx8fGVufDB8fHx8fA%3D%3D
a person riding a motorcycle on a race track,Sports,https://images.unsplash.com/photo-1690825442036-7eb6c9dd5a1a?q=80&w=1000&auto=format&fit=crop&ixlib=rb-4.0.3&ixid=M3wxMjA3fDB8MHxwaG90by1wYWdlfHx8fGVufDB8fHx8fA%3D%3D
a couple of people that are flying some kites,Sports,https://images.unsplash.com/photo-1712841607084-3c8dabe07818?q=80&w=1000&auto=format&fit=crop&ixlib=rb-4.0.3&ixid=M3wxMjA3fDB8MHxwaG90by1wYWdlfHx8fGVufDB8fHx8fA%3D%3D
a crowd of people watching a baseball game,Sports,https://images.unsplash.com/photo-1712830907309-d4e4c13d8bf4?q=80&w=1000&auto=format&fit=crop&ixlib=rb-4.0.3&ixid=M3wxMjA3fDB8MHxwaG90by1wYWdlfHx8fGVufDB8fHx8fA%3D%3D
a man in a wet suit carrying a surfboard,"Editorial,Sports",https://images.unsplash.com/photo-1712971724669-f300ac107c32?q=80&w=1000&auto=format&fit=crop&ixlib=rb-4.0.3&ixid=M3wxMjA3fDB8MHxwaG90by1wYWdlfHx8fGVufDB8fHx8fA%3D%3D
a car that is sitting in the middle of a rubble,Current Events,https://images.unsplash.com/photo-1710022115644-fcc15bede6a6?q=80&w=1000&auto=format&fit=crop&ixlib=rb-4.0.3&ixid=M3wxMjA3fDB8MHxwaG90by1wYWdlfHx8fGVufDB8fHx8fA%3D%3D
a crowd of people holding canadian and canadian flags,Current Events,https://images.unsplash.com/photo-1710127789920-1c0629855c1f?q=80&w=1000&auto=format&fit=crop&ixlib=rb-4.0.3&ixid=M3wxMjA3fDB8MHxwaG90by1wYWdlfHx8fGVufDB8fHx8fA%3D%3D
a man sitting on a bike in front of an ambulance,Current Events,https://images.unsplash.com/photo-1708811409094-3b2492605547?q=80&w=1000&auto=format&fit=crop&ixlib=rb-4.0.3&ixid=M3wxMjA3fDB8MHxwaG90by1wYWdlfHx8fGVufDB8fHx8fA%3D%3D
a white and yellow car driving down a race track,Sports,https://images.unsplash.com/photo-1712733829466-97988384e274?q=80&w=1000&auto=format&fit=crop&ixlib=rb-4.0.3&ixid=M3wxMjA3fDB8MHxwaG90by1wYWdlfHx8fGVufDB8fHx8fA%3D%3D
a baseball player pitching a ball on top of a field,Sports,https://images.unsplash.com/photo-1712759894747-dceedba50f8d?q=80&w=1000&auto=format&fit=crop&ixlib=rb-4.0.3&ixid=M3wxMjA3fDB8MHxwaG90by1wYWdlfHx8fGVufDB8fHx8fA%3D%3D
a group of people standing around a pile of flowers,Current Events,https://images.unsplash.com/photo-1709745516738-1df9da56918e?q=80&w=1000&auto=format&fit=crop&ixlib=rb-4.0.3&ixid=M3wxMjA3fDB8MHxwaG90by1wYWdlfHx8fGVufDB8fHx8fA%3D%3D
a large building that has been torn down,Current Events,https://images.unsplash.com/photo-1710022115470-9a6c05ce5a28?q=80&w=1000&auto=format&fit=crop&ixlib=rb-4.0.3&ixid=M3wxMjA3fDB8MHxwaG90by1wYWdlfHx8fGVufDB8fHx8fA%3D%3D
a group of people standing next to each other,Current Events,https://images.unsplash.com/photo-1710127790073-41585bcba6fc?q=80&w=1000&auto=format&fit=crop&ixlib=rb-4.0.3&ixid=M3wxMjA3fDB8MHxwaG90by1wYWdlfHx8fGVufDB8fHx8fA%3D%3D
a group of people standing on a sidewalk holding signs,Current Events,https://images.unsplash.com/photo-1710196003177-e8584ca305d9?q=80&w=1000&auto=format&fit=crop&ixlib=rb-4.0.3&ixid=M3wxMjA3fDB8MHxwaG90by1wYWdlfHx8fGVufDB8fHx8fA%3D%3D
a group of people holding signs and standing on a street,Current Events,https://images.unsplash.com/photo-1710794222452-ba2c3dc0e6d4?q=80&w=1000&auto=format&fit=crop&ixlib=rb-4.0.3&ixid=M3wxMjA3fDB8MHxwaG90by1wYWdlfHx8fGVufDB8fHx8fA%3D%3D
a group of people walking down a street holding flags,Current Events,https://images.unsplash.com/photo-1710794222419-73db9e0ab43c?q=80&w=1000&auto=format&fit=crop&ixlib=rb-4.0.3&ixid=M3wxMjA3fDB8MHxwaG90by1wYWdlfHx8fGVufDB8fHx8fA%3D%3D
a person walking across a cross walk in a city,Current Events,https://images.unsplash.com/photo-1710127790040-db15b945a7b9?q=80&w=1000&auto=format&fit=crop&ixlib=rb-4.0.3&ixid=M3wxMjA3fDB8MHxwaG90by1wYWdlfHx8fGVufDB8fHx8fA%3D%3D
a woman holding a flag in a crowd of people,Current Events,https://images.unsplash.com/photo-1710794222461-3e85d720322f?q=80&w=1000&auto=format&fit=crop&ixlib=rb-4.0.3&ixid=M3wxMjA3fDB8MHxwaG90by1wYWdlfHx8fGVufDB8fHx8fA%3D%3D
a couple of people walking down a sidewalk,Current Events,https://images.unsplash.com/photo-1710794222375-28556b0ee400?q=80&w=1000&auto=format&fit=crop&ixlib=rb-4.0.3&ixid=M3wxMjA3fDB8MHxwaG90by1wYWdlfHx8fGVufDB8fHx8fA%3D%3D
a woman is holding a flag and a cell phone,Current Events,https://images.unsplash.com/photo-1710794222452-a57798a66157?q=80&w=1000&auto=format&fit=crop&ixlib=rb-4.0.3&ixid=M3wxMjA3fDB8MHxwaG90by1wYWdlfHx8fGVufDB8fHx8fA%3D%3D
a man holding a sign in front of a crowd of people,Current Events,https://images.unsplash.com/photo-1710196003285-3a4204ad39e0?q=80&w=1000&auto=format&fit=crop&ixlib=rb-4.0.3&ixid=M3wxMjA3fDB8MHxwaG90by1wYWdlfHx8fGVufDB8fHx8fA%3D%3D
a solar eclipse in the dark sky,"Editorial,Wallpapers,Current Events",https://images.unsplash.com/photo-1712609036333-dff2cbe8e417?q=80&w=1000&auto=format&fit=crop&ixlib=rb-4.0.3&ixid=M3wxMjA3fDB8MHxwaG90by1wYWdlfHx8fGVufDB8fHx8fA%3D%3D
a group of people holding up signs in the air,Current Events,https://images.unsplash.com/photo-1711120543805-37d8630501bd?q=80&w=1000&auto=format&fit=crop&ixlib=rb-4.0.3&ixid=M3wxMjA3fDB8MHxwaG90by1wYWdlfHx8fGVufDB8fHx8fA%3D%3D
a person placing a red poppy on a wreath,Current Events,https://images.unsplash.com/photo-1710361673722-2253d9c1bd51?q=80&w=1000&auto=format&fit=crop&ixlib=rb-4.0.3&ixid=M3wxMjA3fDB8MHxwaG90by1wYWdlfHx8fGVufDB8fHx8fA%3D%3D
a group of rainbow colored flags blowing in the wind,Current Events,https://images.unsplash.com/photo-1710787825719-23c840a8d0ce?q=80&w=1000&auto=format&fit=crop&ixlib=rb-4.0.3&ixid=M3wxMjA3fDB8MHxwaG90by1wYWdlfHx8fGVufDB8fHx8fA%3D%3D
a black and white photo of a woman laying down,People,https://images.unsplash.com/photo-1712826898653-1364a178b281?q=80&w=1000&auto=format&fit=crop&ixlib=rb-4.0.3&ixid=M3wxMjA3fDB8MHxwaG90by1wYWdlfHx8fGVufDB8fHx8fA%3D%3D
two people sitting on a bench looking at a tall building,People,https://images.unsplash.com/photo-1696467202852-0ebe1da36f9e?q=80&w=1000&auto=format&fit=crop&ixlib=rb-4.0.3&ixid=M3wxMjA3fDB8MHxwaG90by1wYWdlfHx8fGVufDB8fHx8fA%3D%3D
a man in a red suit and white hat,People,https://images.unsplash.com/photo-1712709975555-ade41b3380b4?q=80&w=1000&auto=format&fit=crop&ixlib=rb-4.0.3&ixid=M3wxMjA3fDB8MHxwaG90by1wYWdlfHx8fGVufDB8fHx8fA%3D%3D
a man and a woman standing next to each other,"Editorial,People",https://images.unsplash.com/photo-1712826805986-3d1cc70558f1?q=80&w=1000&auto=format&fit=crop&ixlib=rb-4.0.3&ixid=M3wxMjA3fDB8MHxwaG90by1wYWdlfHx8fGVufDB8fHx8fA%3D%3D
a man and a woman standing next to each other,People,https://images.unsplash.com/photo-1712826805989-3b06e1b00fb0?q=80&w=1000&auto=format&fit=crop&ixlib=rb-4.0.3&ixid=M3wxMjA3fDB8MHxwaG90by1wYWdlfHx8fGVufDB8fHx8fA%3D%3D
a woman is sitting on the floor with her hands in the air,"People,Fashion & Beauty",https://images.unsplash.com/photo-1712546852188-f791979ad46a?q=80&w=1000&auto=format&fit=crop&ixlib=rb-4.0.3&ixid=M3wxMjA3fDB8MHxwaG90by1wYWdlfHx8fGVufDB8fHx8fA%3D%3D
person in red top riding blue city bicycle,"Editorial,People",https://images.unsplash.com/photo-1444720895098-cbd6b640c909?q=80&w=1000&auto=format&fit=crop&ixlib=rb-4.0.3&ixid=M3wxMjA3fDB8MHxwaG90by1wYWdlfHx8fGVufDB8fHx8fA%3D%3D
a man with a beard is holding his hands together,People,https://images.unsplash.com/photo-1712825019830-ec0b4cb8d8a2?q=80&w=1000&auto=format&fit=crop&ixlib=rb-4.0.3&ixid=M3wxMjA3fDB8MHxwaG90by1wYWdlfHx8fGVufDB8fHx8fA%3D%3D
man smoking cigarette during sunset,People,https://images.unsplash.com/photo-1629190442419-5632186525af?q=80&w=1000&auto=format&fit=crop&ixlib=rb-4.0.3&ixid=M3wxMjA3fDB8MHxwaG90by1wYWdlfHx8fGVufDB8fHx8fA%3D%3D
,"Black & White,People",https://images.unsplash.com/photo-1486413601206-56e7d1f9fb34?q=80&w=1000&auto=format&fit=crop&ixlib=rb-4.0.3&ixid=M3wxMjA3fDB8MHxwaG90by1wYWdlfHx8fGVufDB8fHx8fA%3D%3D
a woman taking a picture of herself on the beach,"Editorial,People",https://images.unsplash.com/photo-1711000328044-d90e2b181b95?q=80&w=1000&auto=format&fit=crop&ixlib=rb-4.0.3&ixid=M3wxMjA3fDB8MHxwaG90by1wYWdlfHx8fGVufDB8fHx8fA%3D%3D
a man and a woman kissing in a living room,People,https://images.unsplash.com/photo-1712877334136-0935387ca7fc?q=80&w=1000&auto=format&fit=crop&ixlib=rb-4.0.3&ixid=M3wxMjA3fDB8MHxwaG90by1wYWdlfHx8fGVufDB8fHx8fA%3D%3D
pregnant woman on floor,"Editorial,People",https://images.unsplash.com/photo-1570569798848-998bbf1ef2dc?q=80&w=1000&auto=format&fit=crop&ixlib=rb-4.0.3&ixid=M3wxMjA3fDB8MHxwaG90by1wYWdlfHx8fGVufDB8fHx8fA%3D%3D
a black and white photo of a woman covering her eyes,"Editorial,Black & White,People",https://images.unsplash.com/photo-1712260547533-e3e6a0ed7139?q=80&w=1000&auto=format&fit=crop&ixlib=rb-4.0.3&ixid=M3wxMjA3fDB8MHxwaG90by1wYWdlfHx8fGVufDB8fHx8fA%3D%3D
a black and white photo of a man with a beard,People,https://images.unsplash.com/photo-1712732517153-5721134ee311?q=80&w=1000&auto=format&fit=crop&ixlib=rb-4.0.3&ixid=M3wxMjA3fDB8MHxwaG90by1wYWdlfHx8fGVufDB8fHx8fA%3D%3D
a woman is standing in a subway station,People,https://images.unsplash.com/photo-1712797654800-99e5cf063b2c?q=80&w=1000&auto=format&fit=crop&ixlib=rb-4.0.3&ixid=M3wxMjA3fDB8MHxwaG90by1wYWdlfHx8fGVufDB8fHx8fA%3D%3D
a man riding a skateboard up the side of a ramp,Sports,https://images.unsplash.com/photo-1712682484617-9c8375bb30b4?q=80&w=1000&auto=format&fit=crop&ixlib=rb-4.0.3&ixid=M3wxMjA3fDB8MHxwaG90by1wYWdlfHx8fGVufDB8fHx8fA%3D%3D
a woman standing in front of a train,People,https://images.unsplash.com/photo-1712797654870-938c2be95863?q=80&w=1000&auto=format&fit=crop&ixlib=rb-4.0.3&ixid=M3wxMjA3fDB8MHxwaG90by1wYWdlfHx8fGVufDB8fHx8fA%3D%3D
the moon is shining in the dark sky,"Experimental,Current Events",https://images.unsplash.com/photo-1712606992721-fbb5d3b70aee?q=80&w=1000&auto=format&fit=crop&ixlib=rb-4.0.3&ixid=M3wxMjA3fDB8MHxwaG90by1wYWdlfHx8fGVufDB8fHx8fA%3D%3D
woman in black red and green floral long sleeve shirt covering her face,"Editorial,People,Health & Wellness",https://images.unsplash.com/photo-1588547347393-7c40217437b2?q=80&w=1000&auto=format&fit=crop&ixlib=rb-4.0.3&ixid=M3wxMjA3fDB8MHxwaG90by1wYWdlfHx8fGVufDB8fHx8fA%3D%3D
brown wooden table with white ceramic plate and brown chair,"Editorial,Food & Drink,Business & Work",https://images.unsplash.com/photo-1625471347286-6cdff9478311?q=80&w=1000&auto=format&fit=crop&ixlib=rb-4.0.3&ixid=M3wxMjA3fDB8MHxwaG90by1wYWdlfHx8fGVufDB8fHx8fA%3D%3D
macbook pro on brown wooden table,"Editorial,Business & Work",https://images.unsplash.com/photo-1581472723648-909f4851d4ae?q=80&w=1000&auto=format&fit=crop&ixlib=rb-4.0.3&ixid=M3wxMjA3fDB8MHxwaG90by1wYWdlfHx8fGVufDB8fHx8fA%3D%3D
silver flat screen computer monitor on brown wooden desk,"Editorial,Business & Work",https://images.unsplash.com/photo-1608181204104-5b49c215fcba?q=80&w=1000&auto=format&fit=crop&ixlib=rb-4.0.3&ixid=M3wxMjA3fDB8MHxwaG90by1wYWdlfHx8fGVufDB8fHx8fA%3D%3D
women's heart tattoo,"Editorial,People",https://images.unsplash.com/photo-1571316255882-5c6986205945?q=80&w=1000&auto=format&fit=crop&ixlib=rb-4.0.3&ixid=M3wxMjA3fDB8MHxwaG90by1wYWdlfHx8fGVufDB8fHx8fA%3D%3D
a table topped with lots of art supplies,"Editorial,Business & Work",https://images.unsplash.com/photo-1646182984866-73a5a9bb3617?q=80&w=1000&auto=format&fit=crop&ixlib=rb-4.0.3&ixid=M3wxMjA3fDB8MHxwaG90by1wYWdlfHx8fGVufDB8fHx8fA%3D%3D
a person sitting at a table in a restaurant,"Editorial,Business & Work",https://images.unsplash.com/photo-1712675670807-f925abe035b3?q=80&w=1000&auto=format&fit=crop&ixlib=rb-4.0.3&ixid=M3wxMjA3fDB8MHxwaG90by1wYWdlfHx8fGVufDB8fHx8fA%3D%3D
flat screen computer monitor on brown computer desk,"Editorial,Business & Work",https://images.unsplash.com/photo-1495954222046-2c427ecb546d?q=80&w=1000&auto=format&fit=crop&ixlib=rb-4.0.3&ixid=M3wxMjA3fDB8MHxwaG90by1wYWdlfHx8fGVufDB8fHx8fA%3D%3D
person holding white printing paper,"Editorial,Business & Work",https://images.unsplash.com/photo-1558478551-cdaa9fa326e3?q=80&w=1000&auto=format&fit=crop&ixlib=rb-4.0.3&ixid=M3wxMjA3fDB8MHxwaG90by1wYWdlfHx8fGVufDB8fHx8fA%3D%3D
a close up of a button on a wall,"Editorial,Business & Work",https://images.unsplash.com/photo-1692607431186-e8d7837ad65b?q=80&w=1000&auto=format&fit=crop&ixlib=rb-4.0.3&ixid=M3wxMjA3fDB8MHxwaG90by1wYWdlfHx8fGVufDB8fHx8fA%3D%3D
person using MacBook Air at the table,Business & Work,https://images.unsplash.com/photo-1573496130596-7b29974bd137?q=80&w=1000&auto=format&fit=crop&ixlib=rb-4.0.3&ixid=M3wxMjA3fDB8MHxwaG90by1wYWdlfHx8fGVufDB8fHx8fA%3D%3D
woman holding white ceramic mug with coffee,"Editorial,Business & Work",https://images.unsplash.com/photo-1560456389-f4b97d0d0af6?q=80&w=1000&auto=format&fit=crop&ixlib=rb-4.0.3&ixid=M3wxMjA3fDB8MHxwaG90by1wYWdlfHx8fGVufDB8fHx8fA%3D%3D
"a book, headphones, and pen on a table","Editorial,Business & Work",https://images.unsplash.com/photo-1711843250662-2a688ef2c114?q=80&w=1000&auto=format&fit=crop&ixlib=rb-4.0.3&ixid=M3wxMjA3fDB8MHxwaG90by1wYWdlfHx8fGVufDB8fHx8fA%3D%3D
a person holding a cell phone in their hand,Business & Work,https://images.unsplash.com/photo-1711535767088-cdd77839b13d?q=80&w=1000&auto=format&fit=crop&ixlib=rb-4.0.3&ixid=M3wxMjA3fDB8MHxwaG90by1wYWdlfHx8fGVufDB8fHx8fA%3D%3D
computer sitting on aart with presents and wrapping paper Christmas decorations in the background,"Business & Work,Digital Nomad,Holidays",https://images.unsplash.com/photo-1633113212423-dc2828784c7e?q=80&w=1000&auto=format&fit=crop&ixlib=rb-4.0.3&ixid=M3wxMjA3fDB8MHxwaG90by1wYWdlfHx8fGVufDB8fHx8fA%3D%3D
macbook pro on brown wooden table,"Editorial,Business & Work,Interiors",https://images.unsplash.com/photo-1600453364898-255c24a205d2?q=80&w=1000&auto=format&fit=crop&ixlib=rb-4.0.3&ixid=M3wxMjA3fDB8MHxwaG90by1wYWdlfHx8fGVufDB8fHx8fA%3D%3D
person using black and silver laptop computer,"Editorial,Business & Work",https://images.unsplash.com/photo-1591036575756-7f38747ebdb8?q=80&w=1000&auto=format&fit=crop&ixlib=rb-4.0.3&ixid=M3wxMjA3fDB8MHxwaG90by1wYWdlfHx8fGVufDB8fHx8fA%3D%3D
green and yellow book beside white computer keyboard,Business & Work,https://images.unsplash.com/photo-1620313926202-159eb90ec94a?q=80&w=1000&auto=format&fit=crop&ixlib=rb-4.0.3&ixid=M3wxMjA3fDB8MHxwaG90by1wYWdlfHx8fGVufDB8fHx8fA%3D%3D
a close up of a grasshopper on a leaf,Animals,https://images.unsplash.com/photo-1712738960733-eba5265eef42?q=80&w=1000&auto=format&fit=crop&ixlib=rb-4.0.3&ixid=M3wxMjA3fDB8MHxwaG90by1wYWdlfHx8fGVufDB8fHx8fA%3D%3D
a group of turtles swimming in a pond,Animals,https://images.unsplash.com/photo-1712743586587-deea182b9091?q=80&w=1000&auto=format&fit=crop&ixlib=rb-4.0.3&ixid=M3wxMjA3fDB8MHxwaG90by1wYWdlfHx8fGVufDB8fHx8fA%3D%3D
group of Meerkats,Animals,https://images.unsplash.com/photo-1505852012909-3da5aab64dcb?q=80&w=1000&auto=format&fit=crop&ixlib=rb-4.0.3&ixid=M3wxMjA3fDB8MHxwaG90by1wYWdlfHx8fGVufDB8fHx8fA%3D%3D
two brown ducks floating on water,Animals,https://images.unsplash.com/photo-1518730371077-893c77014fe8?q=80&w=1000&auto=format&fit=crop&ixlib=rb-4.0.3&ixid=M3wxMjA3fDB8MHxwaG90by1wYWdlfHx8fGVufDB8fHx8fA%3D%3D
green potted plant near white window curtain,"Editorial,Business & Work",https://images.unsplash.com/photo-1597280683887-67a86091fd7d?q=80&w=1000&auto=format&fit=crop&ixlib=rb-4.0.3&ixid=M3wxMjA3fDB8MHxwaG90by1wYWdlfHx8fGVufDB8fHx8fA%3D%3D
a bird sitting on top of a wooden fence,Animals,https://images.unsplash.com/photo-1712921673993-18df2a424119?q=80&w=1000&auto=format&fit=crop&ixlib=rb-4.0.3&ixid=M3wxMjA3fDB8MHxwaG90by1wYWdlfHx8fGVufDB8fHx8fA%3D%3D
a brown horse eating grass in a field,Animals,https://images.unsplash.com/photo-1712777597629-e1b8776cf9ae?q=80&w=1000&auto=format&fit=crop&ixlib=rb-4.0.3&ixid=M3wxMjA3fDB8MHxwaG90by1wYWdlfHx8fGVufDB8fHx8fA%3D%3D
a couple of sea lions sitting on top of a rock,Animals,https://images.unsplash.com/photo-1712921674532-45258e605bbe?q=80&w=1000&auto=format&fit=crop&ixlib=rb-4.0.3&ixid=M3wxMjA3fDB8MHxwaG90by1wYWdlfHx8fGVufDB8fHx8fA%3D%3D
a black and white penguin laying in the grass,Animals,https://images.unsplash.com/photo-1712921674948-9f8ecdebf1c1?q=80&w=1000&auto=format&fit=crop&ixlib=rb-4.0.3&ixid=M3wxMjA3fDB8MHxwaG90by1wYWdlfHx8fGVufDB8fHx8fA%3D%3D
a group of sea lions sitting on top of a rock,Animals,https://images.unsplash.com/photo-1712921674547-b76e237a242a?q=80&w=1000&auto=format&fit=crop&ixlib=rb-4.0.3&ixid=M3wxMjA3fDB8MHxwaG90by1wYWdlfHx8fGVufDB8fHx8fA%3D%3D
a group of penguins standing on top of a field,Animals,https://images.unsplash.com/photo-1712921674421-80fdd79dbe0c?q=80&w=1000&auto=format&fit=crop&ixlib=rb-4.0.3&ixid=M3wxMjA3fDB8MHxwaG90by1wYWdlfHx8fGVufDB8fHx8fA%3D%3D
a close up of a capybara looking at something,Animals,https://images.unsplash.com/photo-1712743586807-93f857693f3f?q=80&w=1000&auto=format&fit=crop&ixlib=rb-4.0.3&ixid=M3wxMjA3fDB8MHxwaG90by1wYWdlfHx8fGVufDB8fHx8fA%3D%3D
five black bird flying on sky,"Black & White,Animals,Color Theory",https://images.unsplash.com/photo-1527567018838-584d3468eb85?q=80&w=1000&auto=format&fit=crop&ixlib=rb-4.0.3&ixid=M3wxMjA3fDB8MHxwaG90by1wYWdlfHx8fGVufDB8fHx8fA%3D%3D
a man sitting on the floor with his hands in his pockets,Fashion & Beauty,https://images.unsplash.com/photo-1712877140221-b2906048d1c6?q=80&w=1000&auto=format&fit=crop&ixlib=rb-4.0.3&ixid=M3wxMjA3fDB8MHxwaG90by1wYWdlfHx8fGVufDB8fHx8fA%3D%3D
a llama standing on a grassy hill side,Animals,https://images.unsplash.com/photo-1712921675193-80f17f90579a?q=80&w=1000&auto=format&fit=crop&ixlib=rb-4.0.3&ixid=M3wxMjA3fDB8MHxwaG90by1wYWdlfHx8fGVufDB8fHx8fA%3D%3D
a large flock of birds standing on top of a rocky hillside,Animals,https://images.unsplash.com/photo-1712921674897-b8d342def37c?q=80&w=1000&auto=format&fit=crop&ixlib=rb-4.0.3&ixid=M3wxMjA3fDB8MHxwaG90by1wYWdlfHx8fGVufDB8fHx8fA%3D%3D
a penguin with an orange beak standing next to a rock,Animals,https://images.unsplash.com/photo-1712921674677-ee52083a10b3?q=80&w=1000&auto=format&fit=crop&ixlib=rb-4.0.3&ixid=M3wxMjA3fDB8MHxwaG90by1wYWdlfHx8fGVufDB8fHx8fA%3D%3D
a penguin is standing on a rocky area,Animals,https://images.unsplash.com/photo-1712921674663-0bf5370a2ce7?q=80&w=1000&auto=format&fit=crop&ixlib=rb-4.0.3&ixid=M3wxMjA3fDB8MHxwaG90by1wYWdlfHx8fGVufDB8fHx8fA%3D%3D
a close up of a bird with a blurry background,Animals,https://images.unsplash.com/photo-1712921674855-c55af1370fec?q=80&w=1000&auto=format&fit=crop&ixlib=rb-4.0.3&ixid=M3wxMjA3fDB8MHxwaG90by1wYWdlfHx8fGVufDB8fHx8fA%3D%3D
a woman laying on a chaise lounge in a hotel room,"Editorial,Health & Wellness,Fashion & Beauty",https://images.unsplash.com/photo-1712371962703-3d53845ab565?q=80&w=1000&auto=format&fit=crop&ixlib=rb-4.0.3&ixid=M3wxMjA3fDB8MHxwaG90by1wYWdlfHx8fGVufDB8fHx8fA%3D%3D
white and black penguins,"Editorial,Archival,Animals",https://images.unsplash.com/photo-1578987885795-a02b9f64dee6?q=80&w=1000&auto=format&fit=crop&ixlib=rb-4.0.3&ixid=M3wxMjA3fDB8MHxwaG90by1wYWdlfHx8fGVufDB8fHx8fA%3D%3D
a black and white photo of a woman covering her eyes,"Editorial,Black & White,People",https://images.unsplash.com/photo-1712260547533-e3e6a0ed7139?q=80&w=1000&auto=format&fit=crop&ixlib=rb-4.0.3&ixid=M3wxMjA3fDB8MHxwaG90by1wYWdlfHx8fGVufDB8fHx8fA%3D%3D
a woman in a blue jacket and sunglasses standing in front of a mirror,Fashion & Beauty,https://images.unsplash.com/photo-1712876950306-9253a9c1287d?q=80&w=1000&auto=format&fit=crop&ixlib=rb-4.0.3&ixid=M3wxMjA3fDB8MHxwaG90by1wYWdlfHx8fGVufDB8fHx8fA%3D%3D
a woman in a black crop top and black pants,Fashion & Beauty,https://images.unsplash.com/photo-1712876506664-cf0b11526b42?q=80&w=1000&auto=format&fit=crop&ixlib=rb-4.0.3&ixid=M3wxMjA3fDB8MHxwaG90by1wYWdlfHx8fGVufDB8fHx8fA%3D%3D
a woman wearing green sunglasses and a sweater,Fashion & Beauty,https://images.unsplash.com/photo-1712876718872-993c33de6e45?q=80&w=1000&auto=format&fit=crop&ixlib=rb-4.0.3&ixid=M3wxMjA3fDB8MHxwaG90by1wYWdlfHx8fGVufDB8fHx8fA%3D%3D
a woman wearing a green and brown argyle sweater,Fashion & Beauty,https://images.unsplash.com/photo-1712876718912-6e4f1a1b4b2a?q=80&w=1000&auto=format&fit=crop&ixlib=rb-4.0.3&ixid=M3wxMjA3fDB8MHxwaG90by1wYWdlfHx8fGVufDB8fHx8fA%3D%3D
silhouette of man standing near window,Black & White,https://images.unsplash.com/photo-1609159152126-a308fbdae63f?q=80&w=1000&auto=format&fit=crop&ixlib=rb-4.0.3&ixid=M3wxMjA3fDB8MHxwaG90by1wYWdlfHx8fGVufDB8fHx8fA%3D%3D
assorted clothes lot on gray clothes racks,"Editorial,Fashion & Beauty",https://images.unsplash.com/photo-1518838439236-2b73ceb4638a?q=80&w=1000&auto=format&fit=crop&ixlib=rb-4.0.3&ixid=M3wxMjA3fDB8MHxwaG90by1wYWdlfHx8fGVufDB8fHx8fA%3D%3D
a man in a white shirt is holding his hands up,"Editorial,Black & White,People",https://images.unsplash.com/photo-1695844325080-1d8d61c14839?q=80&w=1000&auto=format&fit=crop&ixlib=rb-4.0.3&ixid=M3wxMjA3fDB8MHxwaG90by1wYWdlfHx8fGVufDB8fHx8fA%3D%3D
man in gray suit kissing woman in white dress,Black & White,https://images.unsplash.com/photo-1606403724828-0dc3cf8e2c84?q=80&w=1000&auto=format&fit=crop&ixlib=rb-4.0.3&ixid=M3wxMjA3fDB8MHxwaG90by1wYWdlfHx8fGVufDB8fHx8fA%3D%3D
a black and white photo of a pier and a castle,Black & White,https://images.unsplash.com/photo-1712921673202-2b312e13cd19?q=80&w=1000&auto=format&fit=crop&ixlib=rb-4.0.3&ixid=M3wxMjA3fDB8MHxwaG90by1wYWdlfHx8fGVufDB8fHx8fA%3D%3D
a black and white photo of a building,Black & White,https://images.unsplash.com/photo-1712686129065-acc8acd0494e?q=80&w=1000&auto=format&fit=crop&ixlib=rb-4.0.3&ixid=M3wxMjA3fDB8MHxwaG90by1wYWdlfHx8fGVufDB8fHx8fA%3D%3D
a black and white photo of a fence in the fog,Black & White,https://images.unsplash.com/photo-1712921673105-dd9d9409af95?q=80&w=1000&auto=format&fit=crop&ixlib=rb-4.0.3&ixid=M3wxMjA3fDB8MHxwaG90by1wYWdlfHx8fGVufDB8fHx8fA%3D%3D
a man and woman holding their hands to their ears,Black & White,https://images.unsplash.com/photo-1712948220240-4a15b8bc0659?q=80&w=1000&auto=format&fit=crop&ixlib=rb-4.0.3&ixid=M3wxMjA3fDB8MHxwaG90by1wYWdlfHx8fGVufDB8fHx8fA%3D%3D
a black and white photo of a wooden bridge,Black & White,https://images.unsplash.com/photo-1698157332245-3ffd82f75faa?q=80&w=1000&auto=format&fit=crop&ixlib=rb-4.0.3&ixid=M3wxMjA3fDB8MHxwaG90by1wYWdlfHx8fGVufDB8fHx8fA%3D%3D
a black and white photo of some tall grass,Black & White,https://images.unsplash.com/photo-1708344549440-d4f15c57a594?q=80&w=1000&auto=format&fit=crop&ixlib=rb-4.0.3&ixid=M3wxMjA3fDB8MHxwaG90by1wYWdlfHx8fGVufDB8fHx8fA%3D%3D
a man riding a surfboard on top of a wave covered beach,Black & White,https://images.unsplash.com/photo-1712939706914-b6fd1bcdef5a?q=80&w=1000&auto=format&fit=crop&ixlib=rb-4.0.3&ixid=M3wxMjA3fDB8MHxwaG90by1wYWdlfHx8fGVufDB8fHx8fA%3D%3D
a black and white photo of a city skyline,Black & White,https://images.unsplash.com/photo-1713003496465-e556d15e8d2e?q=80&w=1000&auto=format&fit=crop&ixlib=rb-4.0.3&ixid=M3wxMjA3fDB8MHxwaG90by1wYWdlfHx8fGVufDB8fHx8fA%3D%3D
a tall building with a window,"Black & White,Architecture & Interiors",https://images.unsplash.com/photo-1662661031816-3b379657f1cb?q=80&w=1000&auto=format&fit=crop&ixlib=rb-4.0.3&ixid=M3wxMjA3fDB8MHxwaG90by1wYWdlfHx8fGVufDB8fHx8fA%3D%3D
a woman walking down a sidewalk next to a grass covered field,Black & White,https://images.unsplash.com/photo-1712720514664-bfe7262d7964?q=80&w=1000&auto=format&fit=crop&ixlib=rb-4.0.3&ixid=M3wxMjA3fDB8MHxwaG90by1wYWdlfHx8fGVufDB8fHx8fA%3D%3D
black and white bird perching on tree,"Black & White,Monochromatic",https://images.unsplash.com/photo-1549750939-0cfc3ecc16f9?q=80&w=1000&auto=format&fit=crop&ixlib=rb-4.0.3&ixid=M3wxMjA3fDB8MHxwaG90by1wYWdlfHx8fGVufDB8fHx8fA%3D%3D
a black and white photo of a tree in a field,Black & White,https://images.unsplash.com/photo-1712927446815-aeb51a7fda6c?q=80&w=1000&auto=format&fit=crop&ixlib=rb-4.0.3&ixid=M3wxMjA3fDB8MHxwaG90by1wYWdlfHx8fGVufDB8fHx8fA%3D%3D
a black and white photo of a plane in the sky,Black & White,https://images.unsplash.com/photo-1713001703806-1b1c3e5c9b09?q=80&w=1000&auto=format&fit=crop&ixlib=rb-4.0.3&ixid=M3wxMjA3fDB8MHxwaG90by1wYWdlfHx8fGVufDB8fHx8fA%3D%3D
a black and white photo of a plant,Black & White,https://images.unsplash.com/photo-1712996282231-cdb705ab4d88?q=80&w=1000&auto=format&fit=crop&ixlib=rb-4.0.3&ixid=M3wxMjA3fDB8MHxwaG90by1wYWdlfHx8fGVufDB8fHx8fA%3D%3D
silhouette of woman walking on hallway,Black & White,https://images.unsplash.com/photo-1598874369472-83637fd418af?q=80&w=1000&auto=format&fit=crop&ixlib=rb-4.0.3&ixid=M3wxMjA3fDB8MHxwaG90by1wYWdlfHx8fGVufDB8fHx8fA%3D%3D
a black and white photo of a field with flowers,Black & White,https://images.unsplash.com/photo-1713001704916-a3f594a88d4e?q=80&w=1000&auto=format&fit=crop&ixlib=rb-4.0.3&ixid=M3wxMjA3fDB8MHxwaG90by1wYWdlfHx8fGVufDB8fHx8fA%3D%3D
a mountain range is reflected in a lake,Nature,https://images.unsplash.com/photo-1712785882823-e1ee59bcaba9?q=80&w=1000&auto=format&fit=crop&ixlib=rb-4.0.3&ixid=M3wxMjA3fDB8MHxwaG90by1wYWdlfHx8fGVufDB8fHx8fA%3D%3D
close-up photo of green leaf,"Editorial,Nature",https://images.unsplash.com/photo-1515595967223-f9fa59af5a3b?q=80&w=1000&auto=format&fit=crop&ixlib=rb-4.0.3&ixid=M3wxMjA3fDB8MHxwaG90by1wYWdlfHx8fGVufDB8fHx8fA%3D%3D
the sun is setting over the clouds in the sky,"Editorial,Nature",https://images.unsplash.com/photo-1697182711822-c1b620288a2c?q=80&w=1000&auto=format&fit=crop&ixlib=rb-4.0.3&ixid=M3wxMjA3fDB8MHxwaG90by1wYWdlfHx8fGVufDB8fHx8fA%3D%3D
the sun shines brightly over the ocean as surfers ride the waves,"Editorial,Nature",https://images.unsplash.com/photo-1712620379318-75c1b863ae0a?q=80&w=1000&auto=format&fit=crop&ixlib=rb-4.0.3&ixid=M3wxMjA3fDB8MHxwaG90by1wYWdlfHx8fGVufDB8fHx8fA%3D%3D
an aerial view of a desert landscape with a mountain in the background,"Editorial,Nature",https://images.unsplash.com/photo-1712841320531-a2974aa96b72?q=80&w=1000&auto=format&fit=crop&ixlib=rb-4.0.3&ixid=M3wxMjA3fDB8MHxwaG90by1wYWdlfHx8fGVufDB8fHx8fA%3D%3D
a lone tree in a green field with a mountain in the background,Wallpapers,https://images.unsplash.com/photo-1712763731958-d8387e9b0ad1?q=80&w=1000&auto=format&fit=crop&ixlib=rb-4.0.3&ixid=M3wxMjA3fDB8MHxwaG90by1wYWdlfHx8fGVufDB8fHx8fA%3D%3D
a herd of sea lions laying on top of a rock,Wallpapers,https://images.unsplash.com/photo-1711915300607-d802805ad61f?q=80&w=1000&auto=format&fit=crop&ixlib=rb-4.0.3&ixid=M3wxMjA3fDB8MHxwaG90by1wYWdlfHx8fGVufDB8fHx8fA%3D%3D
a vase filled with white flowers on top of a table,"Editorial,Wallpapers",https://images.unsplash.com/photo-1712324014968-018a63a4d0e8?q=80&w=1000&auto=format&fit=crop&ixlib=rb-4.0.3&ixid=M3wxMjA3fDB8MHxwaG90by1wYWdlfHx8fGVufDB8fHx8fA%3D%3D
a white balloon floating in a blue sky,"Editorial,Wallpapers",https://images.unsplash.com/photo-1712574340322-aaeae2cbaa8f?q=80&w=1000&auto=format&fit=crop&ixlib=rb-4.0.3&ixid=M3wxMjA3fDB8MHxwaG90by1wYWdlfHx8fGVufDB8fHx8fA%3D%3D
a blurry photo of trees in a forest,"Wallpapers,Experimental",https://images.unsplash.com/photo-1712889464937-494692371e84?q=80&w=1000&auto=format&fit=crop&ixlib=rb-4.0.3&ixid=M3wxMjA3fDB8MHxwaG90by1wYWdlfHx8fGVufDB8fHx8fA%3D%3D
a mountain range with trees and a river in the foreground,"Nature,Wallpapers",https://images.unsplash.com/photo-1708742916134-ebb76614b383?q=80&w=1000&auto=format&fit=crop&ixlib=rb-4.0.3&ixid=M3wxMjA3fDB8MHxwaG90by1wYWdlfHx8fGVufDB8fHx8fA%3D%3D
a tall building with a clock on the top of it,Wallpapers,https://images.unsplash.com/photo-1712756916622-808d558dc232?q=80&w=1000&auto=format&fit=crop&ixlib=rb-4.0.3&ixid=M3wxMjA3fDB8MHxwaG90by1wYWdlfHx8fGVufDB8fHx8fA%3D%3D
a black sports car parked in front of a sunset,Wallpapers,https://images.unsplash.com/photo-1712820783287-6b40fdda70ac?q=80&w=1000&auto=format&fit=crop&ixlib=rb-4.0.3&ixid=M3wxMjA3fDB8MHxwaG90by1wYWdlfHx8fGVufDB8fHx8fA%3D%3D
a half moon is seen in the dark sky,"Nature,Wallpapers",https://images.unsplash.com/photo-1712845493465-47acc41c46d3?q=80&w=1000&auto=format&fit=crop&ixlib=rb-4.0.3&ixid=M3wxMjA3fDB8MHxwaG90by1wYWdlfHx8fGVufDB8fHx8fA%3D%3D
three pink flowers in a vase on a pink background,"Editorial,Wallpapers",https://images.unsplash.com/photo-1712135595414-a812efd36c16?q=80&w=1000&auto=format&fit=crop&ixlib=rb-4.0.3&ixid=M3wxMjA3fDB8MHxwaG90by1wYWdlfHx8fGVufDB8fHx8fA%3D%3D
a mountain covered in snow covered trees,"Editorial,Wallpapers",https://images.unsplash.com/photo-1712414951449-424e662f6e74?q=80&w=1000&auto=format&fit=crop&ixlib=rb-4.0.3&ixid=M3wxMjA3fDB8MHxwaG90by1wYWdlfHx8fGVufDB8fHx8fA%3D%3D
a black hole in the sky with stars,"Editorial,Wallpapers",https://images.unsplash.com/photo-1712609934576-083090663a8f?q=80&w=1000&auto=format&fit=crop&ixlib=rb-4.0.3&ixid=M3wxMjA3fDB8MHxwaG90by1wYWdlfHx8fGVufDB8fHx8fA%3D%3D
a cactus and a cacti in a garden,"Film,Nature",https://images.unsplash.com/photo-1712810697986-c5cddb3fc365?q=80&w=1000&auto=format&fit=crop&ixlib=rb-4.0.3&ixid=M3wxMjA3fDB8MHxwaG90by1wYWdlfHx8fGVufDB8fHx8fA%3D%3D
bare tree in middle of snowy field,"Editorial,Black & White,Wallpapers",https://images.unsplash.com/photo-1550167862-b1f33359eba0?q=80&w=1000&auto=format&fit=crop&ixlib=rb-4.0.3&ixid=M3wxMjA3fDB8MHxwaG90by1wYWdlfHx8fGVufDB8fHx8fA%3D%3D
a half moon is seen in the dark sky,"Nature,Wallpapers",https://images.unsplash.com/photo-1712845493465-47acc41c46d3?q=80&w=1000&auto=format&fit=crop&ixlib=rb-4.0.3&ixid=M3wxMjA3fDB8MHxwaG90by1wYWdlfHx8fGVufDB8fHx8fA%3D%3D
a body of water with some rocks in the middle of it,"Editorial,Wallpapers",https://images.unsplash.com/photo-1712514496282-6f3a73aff338?q=80&w=1000&auto=format&fit=crop&ixlib=rb-4.0.3&ixid=M3wxMjA3fDB8MHxwaG90by1wYWdlfHx8fGVufDB8fHx8fA%3D%3D
a very tall building with a lot of windows,"Editorial,Black & White,Wallpapers",https://images.unsplash.com/photo-1712061821068-ec0b062c0fa4?q=80&w=1000&auto=format&fit=crop&ixlib=rb-4.0.3&ixid=M3wxMjA3fDB8MHxwaG90by1wYWdlfHx8fGVufDB8fHx8fA%3D%3D
a tree branch with white flowers against a white sky,Wallpapers,https://images.unsplash.com/photo-1712617137312-343869c90743?q=80&w=1000&auto=format&fit=crop&ixlib=rb-4.0.3&ixid=M3wxMjA3fDB8MHxwaG90by1wYWdlfHx8fGVufDB8fHx8fA%3D%3D
green and white painted wall,"Textures & Patterns,Wallpapers",https://images.unsplash.com/photo-1612152916525-a569e78ed905?q=80&w=1000&auto=format&fit=crop&ixlib=rb-4.0.3&ixid=M3wxMjA3fDB8MHxwaG90by1wYWdlfHx8fGVufDB8fHx8fA%3D%3D
a building that has a clock on the side of it,Wallpapers,https://images.unsplash.com/photo-1712140047961-c2a8fb8a2001?q=80&w=1000&auto=format&fit=crop&ixlib=rb-4.0.3&ixid=M3wxMjA3fDB8MHxwaG90by1wYWdlfHx8fGVufDB8fHx8fA%3D%3D
a cabin in the snow with mountains in the background,Wallpapers,https://images.unsplash.com/photo-1712926202850-0fa7ee55b4d3?q=80&w=1000&auto=format&fit=crop&ixlib=rb-4.0.3&ixid=M3wxMjA3fDB8MHxwaG90by1wYWdlfHx8fGVufDB8fHx8fA%3D%3D
a large blue glacier with lots of snow on it,Nature,https://images.unsplash.com/photo-1712921674659-ee952baf99a1?q=80&w=1000&auto=format&fit=crop&ixlib=rb-4.0.3&ixid=M3wxMjA3fDB8MHxwaG90by1wYWdlfHx8fGVufDB8fHx8fA%3D%3D
a view of a mountain with trees in the foreground,Nature,https://images.unsplash.com/photo-1712921674367-a539b40556b2?q=80&w=1000&auto=format&fit=crop&ixlib=rb-4.0.3&ixid=M3wxMjA3fDB8MHxwaG90by1wYWdlfHx8fGVufDB8fHx8fA%3D%3D
a large iceberg towering over a body of water,Nature,https://images.unsplash.com/photo-1712921674774-e02b96f4cf44?q=80&w=1000&auto=format&fit=crop&ixlib=rb-4.0.3&ixid=M3wxMjA3fDB8MHxwaG90by1wYWdlfHx8fGVufDB8fHx8fA%3D%3D
a large bird flying through a blue sky,Nature,https://images.unsplash.com/photo-1712759628655-b34d7f1cc8dd?q=80&w=1000&auto=format&fit=crop&ixlib=rb-4.0.3&ixid=M3wxMjA3fDB8MHxwaG90by1wYWdlfHx8fGVufDB8fHx8fA%3D%3D
a rock formation with a hole in the middle,Nature,https://images.unsplash.com/photo-1712673513608-90e9d3fe64c4?q=80&w=1000&auto=format&fit=crop&ixlib=rb-4.0.3&ixid=M3wxMjA3fDB8MHxwaG90by1wYWdlfHx8fGVufDB8fHx8fA%3D%3D
a scenic view of a lake and mountains,Nature,https://images.unsplash.com/photo-1712921675065-b248fa2c569f?q=80&w=1000&auto=format&fit=crop&ixlib=rb-4.0.3&ixid=M3wxMjA3fDB8MHxwaG90by1wYWdlfHx8fGVufDB8fHx8fA%3D%3D
nimbus cumulus clouds,"Editorial,Black & White,Nature",https://images.unsplash.com/photo-1503198515498-d0bd9ed16902?q=80&w=1000&auto=format&fit=crop&ixlib=rb-4.0.3&ixid=M3wxMjA3fDB8MHxwaG90by1wYWdlfHx8fGVufDB8fHx8fA%3D%3D
a river with a fallen tree in the middle of it,Nature,https://images.unsplash.com/photo-1712921674876-83cda22594ec?q=80&w=1000&auto=format&fit=crop&ixlib=rb-4.0.3&ixid=M3wxMjA3fDB8MHxwaG90by1wYWdlfHx8fGVufDB8fHx8fA%3D%3D
a lush green forest filled with lots of trees,Nature,https://images.unsplash.com/photo-1712921675029-f455ad17bfc6?q=80&w=1000&auto=format&fit=crop&ixlib=rb-4.0.3&ixid=M3wxMjA3fDB8MHxwaG90by1wYWdlfHx8fGVufDB8fHx8fA%3D%3D
a mountain range is reflected in the still water of a lake,Nature,https://images.unsplash.com/photo-1712849686136-afee9f42bac9?q=80&w=1000&auto=format&fit=crop&ixlib=rb-4.0.3&ixid=M3wxMjA3fDB8MHxwaG90by1wYWdlfHx8fGVufDB8fHx8fA%3D%3D
